id,System,Month,AREA,Site,Oper,Factor,Target,Value,,,,,,
1,GMS,202501,PKG,IC,B/G,투자가동률,실적,0.0902,,,,,,
2,GMS,202501,PKG,IC,B/G,No Wip,실적,0.0266,,,,,,
3,GMS,202501,PKG,IC,B/G,Linearity,실적,0.9500,,,,,,
4,GMS,202501,PKG,IC,B/G,Loss,실적,0.9098 ,,,,,,
5,GMS,202501,PKG,IC,WSD,투자가동률,실적,0.4400,,,,,,
6,GMS,202501,PKG,IC,WSD,No Wip,실적,0.3447,,,,,,
7,GMS,202501,PKG,IC,WSD,Linearity,실적,0.9500,,,,,,
8,GMS,202501,PKG,IC,WSD,Loss,실적,0.5600 ,,,,,,
9,GMS,202501,PKG,IC,W/S,투자가동률,실적,0.3901,,,,,,
10,GMS,202501,PKG,IC,W/S,No Wip,실적,0.1605,,,,,,
11,GMS,202501,PKG,IC,W/S,Linearity,실적,0.9500,,,,,,
12,GMS,202501,PKG,IC,W/S,Loss,실적,0.6099 ,,,,,,
13,GMS,202501,PKG,IC,D/A,투자가동률,실적,0.9062,,,,,,
14,GMS,202501,PKG,IC,D/A,No Wip,실적,0.8321,,,,,,
15,GMS,202501,PKG,IC,D/A,Linearity,실적,0.9500,,,,,,
16,GMS,202501,PKG,IC,D/A,Loss,실적,0.0938 ,,,,,,
17,GMS,202501,PKG,IC,FCB,투자가동률,실적,0.3282,,,,,,
18,GMS,202501,PKG,IC,FCB,No Wip,실적,0.2413,,,,,,
19,GMS,202501,PKG,IC,FCB,Linearity,실적,0.9500,,,,,,
20,GMS,202501,PKG,IC,FCB,Loss,실적,0.6718 ,,,,,,
21,GMS,202501,PKG,IC,W/B,투자가동률,실적,0.1373,,,,,,
22,GMS,202501,PKG,IC,W/B,No Wip,실적,0.0792,,,,,,
23,GMS,202501,PKG,IC,W/B,Linearity,실적,0.9500,,,,,,
24,GMS,202501,PKG,IC,W/B,Loss,실적,0.8627 ,,,,,,
25,GMS,202501,PKG,IC,M/D,투자가동률,실적,0.1291,,,,,,
26,GMS,202501,PKG,IC,M/D,No Wip,실적,0.0939,,,,,,
27,GMS,202501,PKG,IC,M/D,Linearity,실적,0.9500,,,,,,
28,GMS,202501,PKG,IC,M/D,Loss,실적,0.8709 ,,,,,,
29,GMS,202501,PKG,IC,M/K,투자가동률,실적,0.2331,,,,,,
30,GMS,202501,PKG,IC,M/K,No Wip,실적,0.2075,,,,,,
31,GMS,202501,PKG,IC,M/K,Linearity,실적,0.9500,,,,,,
32,GMS,202501,PKG,IC,M/K,Loss,실적,0.7669 ,,,,,,
33,GMS,202501,PKG,IC,SBM,투자가동률,실적,0.5837,,,,,,
34,GMS,202501,PKG,IC,SBM,No Wip,실적,0.2051,,,,,,
35,GMS,202501,PKG,IC,SBM,Linearity,실적,0.9500,,,,,,
36,GMS,202501,PKG,IC,SBM,Loss,실적,0.4163 ,,,,,,
37,GMS,202501,PKG,IC,S/G,투자가동률,실적,0.2915,,,,,,
38,GMS,202501,PKG,IC,S/G,No Wip,실적,0.1393,,,,,,
39,GMS,202501,PKG,IC,S/G,Linearity,실적,0.9500,,,,,,
40,GMS,202501,PKG,IC,S/G,Loss,실적,0.7085 ,,,,,,
41,EMS,202501,PKG,IC,B/G,투자가동률,실적,0.9964,,,,,,
42,EMS,202501,PKG,IC,B/G,No Wip,실적,0.0650,,,,,,
43,EMS,202501,PKG,IC,B/G,Linearity,실적,0.9500,,,,,,
44,EMS,202501,PKG,IC,B/G,Loss,실적,0.0036 ,,,,,,
45,EMS,202501,PKG,IC,WSD,투자가동률,실적,0.5447,,,,,,
46,EMS,202501,PKG,IC,WSD,No Wip,실적,0.0693,,,,,,
47,EMS,202501,PKG,IC,WSD,Linearity,실적,0.9500,,,,,,
48,EMS,202501,PKG,IC,WSD,Loss,실적,0.4553 ,,,,,,
49,EMS,202501,PKG,IC,W/S,투자가동률,실적,0.5363,,,,,,
50,EMS,202501,PKG,IC,W/S,No Wip,실적,0.2865,,,,,,
51,EMS,202501,PKG,IC,W/S,Linearity,실적,0.9500,,,,,,
52,EMS,202501,PKG,IC,W/S,Loss,실적,0.4637 ,,,,,,
53,EMS,202501,PKG,IC,D/A,투자가동률,실적,0.6639,,,,,,
54,EMS,202501,PKG,IC,D/A,No Wip,실적,0.2121,,,,,,
55,EMS,202501,PKG,IC,D/A,Linearity,실적,0.9500,,,,,,
56,EMS,202501,PKG,IC,D/A,Loss,실적,0.3361 ,,,,,,
57,EMS,202501,PKG,IC,FCB,투자가동률,실적,0.1732,,,,,,
58,EMS,202501,PKG,IC,FCB,No Wip,실적,0.0737,,,,,,
59,EMS,202501,PKG,IC,FCB,Linearity,실적,0.9500,,,,,,
60,EMS,202501,PKG,IC,FCB,Loss,실적,0.8268 ,,,,,,
61,EMS,202501,PKG,IC,W/B,투자가동률,실적,0.0063,,,,,,
62,EMS,202501,PKG,IC,W/B,No Wip,실적,0.0019,,,,,,
63,EMS,202501,PKG,IC,W/B,Linearity,실적,0.9500,,,,,,
64,EMS,202501,PKG,IC,W/B,Loss,실적,0.9937 ,,,,,,
65,EMS,202501,PKG,IC,M/D,투자가동률,실적,0.6036,,,,,,
66,EMS,202501,PKG,IC,M/D,No Wip,실적,0.5342,,,,,,
67,EMS,202501,PKG,IC,M/D,Linearity,실적,0.9500,,,,,,
68,EMS,202501,PKG,IC,M/D,Loss,실적,0.3964 ,,,,,,
69,EMS,202501,PKG,IC,M/K,투자가동률,실적,0.7581,,,,,,
70,EMS,202501,PKG,IC,M/K,No Wip,실적,0.2206,,,,,,
71,EMS,202501,PKG,IC,M/K,Linearity,실적,0.9500,,,,,,
72,EMS,202501,PKG,IC,M/K,Loss,실적,0.2419 ,,,,,,
73,EMS,202501,PKG,IC,SBM,투자가동률,실적,0.6208,,,,,,
74,EMS,202501,PKG,IC,SBM,No Wip,실적,0.0266,,,,,,
75,EMS,202501,PKG,IC,SBM,Linearity,실적,0.9500,,,,,,
76,EMS,202501,PKG,IC,SBM,Loss,실적,0.3792 ,,,,,,
77,EMS,202501,PKG,IC,S/G,투자가동률,실적,0.4776,,,,,,
78,EMS,202501,PKG,IC,S/G,No Wip,실적,0.2670,,,,,,
79,EMS,202501,PKG,IC,S/G,Linearity,실적,0.9500,,,,,,
80,EMS,202501,PKG,IC,S/G,Loss,실적,0.5224 ,,,,,,
81,RPT,202501,PKG,IC,B/G,투자가동률,실적,0.5223,,,,,,
82,RPT,202501,PKG,IC,B/G,No Wip,실적,0.0729,,,,,,
83,RPT,202501,PKG,IC,B/G,Linearity,실적,0.9500,,,,,,
84,RPT,202501,PKG,IC,B/G,Loss,실적,0.4777 ,,,,,,
85,RPT,202501,PKG,IC,WSD,투자가동률,실적,0.0517,,,,,,
86,RPT,202501,PKG,IC,WSD,No Wip,실적,0.0272,,,,,,
87,RPT,202501,PKG,IC,WSD,Linearity,실적,0.9500,,,,,,
88,RPT,202501,PKG,IC,WSD,Loss,실적,0.9483 ,,,,,,
89,RPT,202501,PKG,IC,W/S,투자가동률,실적,0.5267,,,,,,
90,RPT,202501,PKG,IC,W/S,No Wip,실적,0.2315,,,,,,
91,RPT,202501,PKG,IC,W/S,Linearity,실적,0.9500,,,,,,
92,RPT,202501,PKG,IC,W/S,Loss,실적,0.4733 ,,,,,,
93,RPT,202501,PKG,IC,D/A,투자가동률,실적,0.8339,,,,,,
94,RPT,202501,PKG,IC,D/A,No Wip,실적,0.0012,,,,,,
95,RPT,202501,PKG,IC,D/A,Linearity,실적,0.9500,,,,,,
96,RPT,202501,PKG,IC,D/A,Loss,실적,0.1661 ,,,,,,
97,RPT,202501,PKG,IC,FCB,투자가동률,실적,0.0335,,,,,,
98,RPT,202501,PKG,IC,FCB,No Wip,실적,0.0161,,,,,,
99,RPT,202501,PKG,IC,FCB,Linearity,실적,0.9500,,,,,,
100,RPT,202501,PKG,IC,FCB,Loss,실적,0.9665 ,,,,,,
101,RPT,202501,PKG,IC,W/B,투자가동률,실적,0.1286,,,,,,
102,RPT,202501,PKG,IC,W/B,No Wip,실적,0.0479,,,,,,
103,RPT,202501,PKG,IC,W/B,Linearity,실적,0.9500,,,,,,
104,RPT,202501,PKG,IC,W/B,Loss,실적,0.8714 ,,,,,,
105,RPT,202501,PKG,IC,M/D,투자가동률,실적,0.9356,,,,,,
106,RPT,202501,PKG,IC,M/D,No Wip,실적,0.2968,,,,,,
107,RPT,202501,PKG,IC,M/D,Linearity,실적,0.9500,,,,,,
108,RPT,202501,PKG,IC,M/D,Loss,실적,0.0644 ,,,,,,
109,RPT,202501,PKG,IC,M/K,투자가동률,실적,0.7191,,,,,,
110,RPT,202501,PKG,IC,M/K,No Wip,실적,0.6425,,,,,,
111,RPT,202501,PKG,IC,M/K,Linearity,실적,0.9500,,,,,,
112,RPT,202501,PKG,IC,M/K,Loss,실적,0.2809 ,,,,,,
113,RPT,202501,PKG,IC,SBM,투자가동률,실적,0.5691,,,,,,
114,RPT,202501,PKG,IC,SBM,No Wip,실적,0.4761,,,,,,
115,RPT,202501,PKG,IC,SBM,Linearity,실적,0.9500,,,,,,
116,RPT,202501,PKG,IC,SBM,Loss,실적,0.4309 ,,,,,,
117,RPT,202501,PKG,IC,S/G,투자가동률,실적,0.1426,,,,,,
118,RPT,202501,PKG,IC,S/G,No Wip,실적,0.0621,,,,,,
119,RPT,202501,PKG,IC,S/G,Linearity,실적,0.9500,,,,,,
120,RPT,202501,PKG,IC,S/G,Loss,실적,0.8574 ,,,,,,
121,CIM,202501,PKG,IC,B/G,투자가동률,실적,0.8114,,,,,,
122,CIM,202501,PKG,IC,B/G,No Wip,실적,0.7681,,,,,,
123,CIM,202501,PKG,IC,B/G,Linearity,실적,0.9500,,,,,,
124,CIM,202501,PKG,IC,B/G,Loss,실적,0.1886 ,,,,,,
125,CIM,202501,PKG,IC,WSD,투자가동률,실적,0.6784,,,,,,
126,CIM,202501,PKG,IC,WSD,No Wip,실적,0.2016,,,,,,
127,CIM,202501,PKG,IC,WSD,Linearity,실적,0.9500,,,,,,
128,CIM,202501,PKG,IC,WSD,Loss,실적,0.3216 ,,,,,,
129,CIM,202501,PKG,IC,W/S,투자가동률,실적,0.0176,,,,,,
130,CIM,202501,PKG,IC,W/S,No Wip,실적,0.0112,,,,,,
131,CIM,202501,PKG,IC,W/S,Linearity,실적,0.9500,,,,,,
132,CIM,202501,PKG,IC,W/S,Loss,실적,0.9824 ,,,,,,
133,CIM,202501,PKG,IC,D/A,투자가동률,실적,0.4494,,,,,,
134,CIM,202501,PKG,IC,D/A,No Wip,실적,0.4490,,,,,,
135,CIM,202501,PKG,IC,D/A,Linearity,실적,0.9500,,,,,,
136,CIM,202501,PKG,IC,D/A,Loss,실적,0.5506 ,,,,,,
137,CIM,202501,PKG,IC,FCB,투자가동률,실적,0.3956,,,,,,
138,CIM,202501,PKG,IC,FCB,No Wip,실적,0.1035,,,,,,
139,CIM,202501,PKG,IC,FCB,Linearity,실적,0.9500,,,,,,
140,CIM,202501,PKG,IC,FCB,Loss,실적,0.6044 ,,,,,,
141,CIM,202501,PKG,IC,W/B,투자가동률,실적,0.3782,,,,,,
142,CIM,202501,PKG,IC,W/B,No Wip,실적,0.2899,,,,,,
143,CIM,202501,PKG,IC,W/B,Linearity,실적,0.9500,,,,,,
144,CIM,202501,PKG,IC,W/B,Loss,실적,0.6218 ,,,,,,
145,CIM,202501,PKG,IC,M/D,투자가동률,실적,0.0611,,,,,,
146,CIM,202501,PKG,IC,M/D,No Wip,실적,0.0209,,,,,,
147,CIM,202501,PKG,IC,M/D,Linearity,실적,0.9500,,,,,,
148,CIM,202501,PKG,IC,M/D,Loss,실적,0.9389 ,,,,,,
149,CIM,202501,PKG,IC,M/K,투자가동률,실적,0.0673,,,,,,
150,CIM,202501,PKG,IC,M/K,No Wip,실적,0.0516,,,,,,
151,CIM,202501,PKG,IC,M/K,Linearity,실적,0.9500,,,,,,
152,CIM,202501,PKG,IC,M/K,Loss,실적,0.9327 ,,,,,,
153,CIM,202501,PKG,IC,SBM,투자가동률,실적,0.8254,,,,,,
154,CIM,202501,PKG,IC,SBM,No Wip,실적,0.7254,,,,,,
155,CIM,202501,PKG,IC,SBM,Linearity,실적,0.9500,,,,,,
156,CIM,202501,PKG,IC,SBM,Loss,실적,0.1746 ,,,,,,
157,CIM,202501,PKG,IC,S/G,투자가동률,실적,0.7140,,,,,,
158,CIM,202501,PKG,IC,S/G,No Wip,실적,0.5830,,,,,,
159,CIM,202501,PKG,IC,S/G,Linearity,실적,0.9500,,,,,,
160,CIM,202501,PKG,IC,S/G,Loss,실적,0.2860 ,,,,,,
161,GMS,202501,PKG,IC,B/G,투자가동률,목표,0.1328,,,,,,
162,GMS,202501,PKG,IC,B/G,No Wip,목표,0.1278,,,,,,
163,GMS,202501,PKG,IC,B/G,Linearity,목표,0.9500,,,,,,
164,GMS,202501,PKG,IC,B/G,Loss,목표,0.8672 ,,,,,,
165,GMS,202501,PKG,IC,WSD,투자가동률,목표,0.5443,,,,,,
166,GMS,202501,PKG,IC,WSD,No Wip,목표,0.2949,,,,,,
167,GMS,202501,PKG,IC,WSD,Linearity,목표,0.9500,,,,,,
168,GMS,202501,PKG,IC,WSD,Loss,목표,0.4557 ,,,,,,
169,GMS,202501,PKG,IC,W/S,투자가동률,목표,0.0521,,,,,,
170,GMS,202501,PKG,IC,W/S,No Wip,목표,0.0369,,,,,,
171,GMS,202501,PKG,IC,W/S,Linearity,목표,0.9500,,,,,,
172,GMS,202501,PKG,IC,W/S,Loss,목표,0.9479 ,,,,,,
173,GMS,202501,PKG,IC,D/A,투자가동률,목표,0.2874,,,,,,
174,GMS,202501,PKG,IC,D/A,No Wip,목표,0.0307,,,,,,
175,GMS,202501,PKG,IC,D/A,Linearity,목표,0.9500,,,,,,
176,GMS,202501,PKG,IC,D/A,Loss,목표,0.7126 ,,,,,,
177,GMS,202501,PKG,IC,FCB,투자가동률,목표,0.5366,,,,,,
178,GMS,202501,PKG,IC,FCB,No Wip,목표,0.0503,,,,,,
179,GMS,202501,PKG,IC,FCB,Linearity,목표,0.9500,,,,,,
180,GMS,202501,PKG,IC,FCB,Loss,목표,0.4634 ,,,,,,
181,GMS,202501,PKG,IC,W/B,투자가동률,목표,0.3288,,,,,,
182,GMS,202501,PKG,IC,W/B,No Wip,목표,0.1184,,,,,,
183,GMS,202501,PKG,IC,W/B,Linearity,목표,0.9500,,,,,,
184,GMS,202501,PKG,IC,W/B,Loss,목표,0.6712 ,,,,,,
185,GMS,202501,PKG,IC,M/D,투자가동률,목표,0.0925,,,,,,
186,GMS,202501,PKG,IC,M/D,No Wip,목표,0.0526,,,,,,
187,GMS,202501,PKG,IC,M/D,Linearity,목표,0.9500,,,,,,
188,GMS,202501,PKG,IC,M/D,Loss,목표,0.9075 ,,,,,,
189,GMS,202501,PKG,IC,M/K,투자가동률,목표,0.3805,,,,,,
190,GMS,202501,PKG,IC,M/K,No Wip,목표,0.3771,,,,,,
191,GMS,202501,PKG,IC,M/K,Linearity,목표,0.9500,,,,,,
192,GMS,202501,PKG,IC,M/K,Loss,목표,0.6195 ,,,,,,
193,GMS,202501,PKG,IC,SBM,투자가동률,목표,0.4997,,,,,,
194,GMS,202501,PKG,IC,SBM,No Wip,목표,0.0601,,,,,,
195,GMS,202501,PKG,IC,SBM,Linearity,목표,0.9500,,,,,,
196,GMS,202501,PKG,IC,SBM,Loss,목표,0.5003 ,,,,,,
197,GMS,202501,PKG,IC,S/G,투자가동률,목표,0.5980,,,,,,
198,GMS,202501,PKG,IC,S/G,No Wip,목표,0.0896,,,,,,
199,GMS,202501,PKG,IC,S/G,Linearity,목표,0.9500,,,,,,
200,GMS,202501,PKG,IC,S/G,Loss,목표,0.4020 ,,,,,,
201,EMS,202501,PKG,IC,B/G,투자가동률,목표,0.2039,,,,,,
202,EMS,202501,PKG,IC,B/G,No Wip,목표,0.0580,,,,,,
203,EMS,202501,PKG,IC,B/G,Linearity,목표,0.9500,,,,,,
204,EMS,202501,PKG,IC,B/G,Loss,목표,0.7961 ,,,,,,
205,EMS,202501,PKG,IC,WSD,투자가동률,목표,0.5917,,,,,,
206,EMS,202501,PKG,IC,WSD,No Wip,목표,0.1664,,,,,,
207,EMS,202501,PKG,IC,WSD,Linearity,목표,0.9500,,,,,,
208,EMS,202501,PKG,IC,WSD,Loss,목표,0.4083 ,,,,,,
209,EMS,202501,PKG,IC,W/S,투자가동률,목표,0.9436,,,,,,
210,EMS,202501,PKG,IC,W/S,No Wip,목표,0.4090,,,,,,
211,EMS,202501,PKG,IC,W/S,Linearity,목표,0.9500,,,,,,
212,EMS,202501,PKG,IC,W/S,Loss,목표,0.0564 ,,,,,,
213,EMS,202501,PKG,IC,D/A,투자가동률,목표,0.2997,,,,,,
214,EMS,202501,PKG,IC,D/A,No Wip,목표,0.2630,,,,,,
215,EMS,202501,PKG,IC,D/A,Linearity,목표,0.9500,,,,,,
216,EMS,202501,PKG,IC,D/A,Loss,목표,0.7003 ,,,,,,
217,EMS,202501,PKG,IC,FCB,투자가동률,목표,0.4187,,,,,,
218,EMS,202501,PKG,IC,FCB,No Wip,목표,0.2271,,,,,,
219,EMS,202501,PKG,IC,FCB,Linearity,목표,0.9500,,,,,,
220,EMS,202501,PKG,IC,FCB,Loss,목표,0.5813 ,,,,,,
221,EMS,202501,PKG,IC,W/B,투자가동률,목표,0.7463,,,,,,
222,EMS,202501,PKG,IC,W/B,No Wip,목표,0.2263,,,,,,
223,EMS,202501,PKG,IC,W/B,Linearity,목표,0.9500,,,,,,
224,EMS,202501,PKG,IC,W/B,Loss,목표,0.2537 ,,,,,,
225,EMS,202501,PKG,IC,M/D,투자가동률,목표,0.0226,,,,,,
226,EMS,202501,PKG,IC,M/D,No Wip,목표,0.0201,,,,,,
227,EMS,202501,PKG,IC,M/D,Linearity,목표,0.9500,,,,,,
228,EMS,202501,PKG,IC,M/D,Loss,목표,0.9774 ,,,,,,
229,EMS,202501,PKG,IC,M/K,투자가동률,목표,0.6824,,,,,,
230,EMS,202501,PKG,IC,M/K,No Wip,목표,0.5397,,,,,,
231,EMS,202501,PKG,IC,M/K,Linearity,목표,0.9500,,,,,,
232,EMS,202501,PKG,IC,M/K,Loss,목표,0.3176 ,,,,,,
233,EMS,202501,PKG,IC,SBM,투자가동률,목표,0.9722,,,,,,
234,EMS,202501,PKG,IC,SBM,No Wip,목표,0.7944,,,,,,
235,EMS,202501,PKG,IC,SBM,Linearity,목표,0.9500,,,,,,
236,EMS,202501,PKG,IC,SBM,Loss,목표,0.0278 ,,,,,,
237,EMS,202501,PKG,IC,S/G,투자가동률,목표,0.4511,,,,,,
238,EMS,202501,PKG,IC,S/G,No Wip,목표,0.2973,,,,,,
239,EMS,202501,PKG,IC,S/G,Linearity,목표,0.9500,,,,,,
240,EMS,202501,PKG,IC,S/G,Loss,목표,0.5489 ,,,,,,
241,RPT,202501,PKG,IC,B/G,투자가동률,목표,0.1169,,,,,,
242,RPT,202501,PKG,IC,B/G,No Wip,목표,0.0895,,,,,,
243,RPT,202501,PKG,IC,B/G,Linearity,목표,0.9500,,,,,,
244,RPT,202501,PKG,IC,B/G,Loss,목표,0.8831 ,,,,,,
245,RPT,202501,PKG,IC,WSD,투자가동률,목표,0.2395,,,,,,
246,RPT,202501,PKG,IC,WSD,No Wip,목표,0.0532,,,,,,
247,RPT,202501,PKG,IC,WSD,Linearity,목표,0.9500,,,,,,
248,RPT,202501,PKG,IC,WSD,Loss,목표,0.7605 ,,,,,,
249,RPT,202501,PKG,IC,W/S,투자가동률,목표,0.4269,,,,,,
250,RPT,202501,PKG,IC,W/S,No Wip,목표,0.0741,,,,,,
251,RPT,202501,PKG,IC,W/S,Linearity,목표,0.9500,,,,,,
252,RPT,202501,PKG,IC,W/S,Loss,목표,0.5731 ,,,,,,
253,RPT,202501,PKG,IC,D/A,투자가동률,목표,0.5622,,,,,,
254,RPT,202501,PKG,IC,D/A,No Wip,목표,0.3459,,,,,,
255,RPT,202501,PKG,IC,D/A,Linearity,목표,0.9500,,,,,,
256,RPT,202501,PKG,IC,D/A,Loss,목표,0.4378 ,,,,,,
257,RPT,202501,PKG,IC,FCB,투자가동률,목표,0.4624,,,,,,
258,RPT,202501,PKG,IC,FCB,No Wip,목표,0.4442,,,,,,
259,RPT,202501,PKG,IC,FCB,Linearity,목표,0.9500,,,,,,
260,RPT,202501,PKG,IC,FCB,Loss,목표,0.5376 ,,,,,,
261,RPT,202501,PKG,IC,W/B,투자가동률,목표,0.1369,,,,,,
262,RPT,202501,PKG,IC,W/B,No Wip,목표,0.1312,,,,,,
263,RPT,202501,PKG,IC,W/B,Linearity,목표,0.9500,,,,,,
264,RPT,202501,PKG,IC,W/B,Loss,목표,0.8631 ,,,,,,
265,RPT,202501,PKG,IC,M/D,투자가동률,목표,0.1768,,,,,,
266,RPT,202501,PKG,IC,M/D,No Wip,목표,0.0861,,,,,,
267,RPT,202501,PKG,IC,M/D,Linearity,목표,0.9500,,,,,,
268,RPT,202501,PKG,IC,M/D,Loss,목표,0.8232 ,,,,,,
269,RPT,202501,PKG,IC,M/K,투자가동률,목표,0.9944,,,,,,
270,RPT,202501,PKG,IC,M/K,No Wip,목표,0.1597,,,,,,
271,RPT,202501,PKG,IC,M/K,Linearity,목표,0.9500,,,,,,
272,RPT,202501,PKG,IC,M/K,Loss,목표,0.0056 ,,,,,,
273,RPT,202501,PKG,IC,SBM,투자가동률,목표,0.8350,,,,,,
274,RPT,202501,PKG,IC,SBM,No Wip,목표,0.3354,,,,,,
275,RPT,202501,PKG,IC,SBM,Linearity,목표,0.9500,,,,,,
276,RPT,202501,PKG,IC,SBM,Loss,목표,0.1650 ,,,,,,
277,RPT,202501,PKG,IC,S/G,투자가동률,목표,0.8870,,,,,,
278,RPT,202501,PKG,IC,S/G,No Wip,목표,0.0282,,,,,,
279,RPT,202501,PKG,IC,S/G,Linearity,목표,0.9500,,,,,,
280,RPT,202501,PKG,IC,S/G,Loss,목표,0.1130 ,,,,,,
281,CIM,202501,PKG,IC,B/G,투자가동률,목표,0.4560,,,,,,
282,CIM,202501,PKG,IC,B/G,No Wip,목표,0.2105,,,,,,
283,CIM,202501,PKG,IC,B/G,Linearity,목표,0.9500,,,,,,
284,CIM,202501,PKG,IC,B/G,Loss,목표,0.5440 ,,,,,,
285,CIM,202501,PKG,IC,WSD,투자가동률,목표,0.9580,,,,,,
286,CIM,202501,PKG,IC,WSD,No Wip,목표,0.3417,,,,,,
287,CIM,202501,PKG,IC,WSD,Linearity,목표,0.9500,,,,,,
288,CIM,202501,PKG,IC,WSD,Loss,목표,0.0420 ,,,,,,
289,CIM,202501,PKG,IC,W/S,투자가동률,목표,0.2146,,,,,,
290,CIM,202501,PKG,IC,W/S,No Wip,목표,0.1364,,,,,,
291,CIM,202501,PKG,IC,W/S,Linearity,목표,0.9500,,,,,,
292,CIM,202501,PKG,IC,W/S,Loss,목표,0.7854 ,,,,,,
293,CIM,202501,PKG,IC,D/A,투자가동률,목표,0.7874,,,,,,
294,CIM,202501,PKG,IC,D/A,No Wip,목표,0.5887,,,,,,
295,CIM,202501,PKG,IC,D/A,Linearity,목표,0.9500,,,,,,
296,CIM,202501,PKG,IC,D/A,Loss,목표,0.2126 ,,,,,,
297,CIM,202501,PKG,IC,FCB,투자가동률,목표,0.1985,,,,,,
298,CIM,202501,PKG,IC,FCB,No Wip,목표,0.1373,,,,,,
299,CIM,202501,PKG,IC,FCB,Linearity,목표,0.9500,,,,,,
300,CIM,202501,PKG,IC,FCB,Loss,목표,0.8015 ,,,,,,
301,CIM,202501,PKG,IC,W/B,투자가동률,목표,0.9079,,,,,,
302,CIM,202501,PKG,IC,W/B,No Wip,목표,0.7545,,,,,,
303,CIM,202501,PKG,IC,W/B,Linearity,목표,0.9500,,,,,,
304,CIM,202501,PKG,IC,W/B,Loss,목표,0.0921 ,,,,,,
305,CIM,202501,PKG,IC,M/D,투자가동률,목표,0.0514,,,,,,
306,CIM,202501,PKG,IC,M/D,No Wip,목표,0.0004,,,,,,
307,CIM,202501,PKG,IC,M/D,Linearity,목표,0.9500,,,,,,
308,CIM,202501,PKG,IC,M/D,Loss,목표,0.9486 ,,,,,,
309,CIM,202501,PKG,IC,M/K,투자가동률,목표,0.5656,,,,,,
310,CIM,202501,PKG,IC,M/K,No Wip,목표,0.3874,,,,,,
311,CIM,202501,PKG,IC,M/K,Linearity,목표,0.9500,,,,,,
312,CIM,202501,PKG,IC,M/K,Loss,목표,0.4344 ,,,,,,
313,CIM,202501,PKG,IC,SBM,투자가동률,목표,0.1066,,,,,,
314,CIM,202501,PKG,IC,SBM,No Wip,목표,0.0772,,,,,,
315,CIM,202501,PKG,IC,SBM,Linearity,목표,0.9500,,,,,,
316,CIM,202501,PKG,IC,SBM,Loss,목표,0.8934 ,,,,,,
317,CIM,202501,PKG,IC,S/G,투자가동률,목표,0.8779,,,,,,
318,CIM,202501,PKG,IC,S/G,No Wip,목표,0.7669,,,,,,
319,CIM,202501,PKG,IC,S/G,Linearity,목표,0.9500,,,,,,
320,CIM,202501,PKG,IC,S/G,Loss,목표,0.1221 ,,,,,,
321,GMS,202502,PKG,IC,B/G,투자가동률,실적,0.1668,,,,,,
322,GMS,202502,PKG,IC,B/G,No Wip,실적,0.0195,,,,,,
323,GMS,202502,PKG,IC,B/G,Linearity,실적,0.9500,,,,,,
324,GMS,202502,PKG,IC,B/G,Loss,실적,0.8332 ,,,,,,
325,GMS,202502,PKG,IC,WSD,투자가동률,실적,0.6128,,,,,,
326,GMS,202502,PKG,IC,WSD,No Wip,실적,0.4951,,,,,,
327,GMS,202502,PKG,IC,WSD,Linearity,실적,0.9500,,,,,,
328,GMS,202502,PKG,IC,WSD,Loss,실적,0.3872 ,,,,,,
329,GMS,202502,PKG,IC,W/S,투자가동률,실적,0.2951,,,,,,
330,GMS,202502,PKG,IC,W/S,No Wip,실적,0.1398,,,,,,
331,GMS,202502,PKG,IC,W/S,Linearity,실적,0.9500,,,,,,
332,GMS,202502,PKG,IC,W/S,Loss,실적,0.7049 ,,,,,,
333,GMS,202502,PKG,IC,D/A,투자가동률,실적,0.4053,,,,,,
334,GMS,202502,PKG,IC,D/A,No Wip,실적,0.1983,,,,,,
335,GMS,202502,PKG,IC,D/A,Linearity,실적,0.9500,,,,,,
336,GMS,202502,PKG,IC,D/A,Loss,실적,0.5947 ,,,,,,
337,GMS,202502,PKG,IC,FCB,투자가동률,실적,0.0128,,,,,,
338,GMS,202502,PKG,IC,FCB,No Wip,실적,0.0046,,,,,,
339,GMS,202502,PKG,IC,FCB,Linearity,실적,0.9500,,,,,,
340,GMS,202502,PKG,IC,FCB,Loss,실적,0.9872 ,,,,,,
341,GMS,202502,PKG,IC,W/B,투자가동률,실적,0.9633,,,,,,
342,GMS,202502,PKG,IC,W/B,No Wip,실적,0.1653,,,,,,
343,GMS,202502,PKG,IC,W/B,Linearity,실적,0.9500,,,,,,
344,GMS,202502,PKG,IC,W/B,Loss,실적,0.0367 ,,,,,,
345,GMS,202502,PKG,IC,M/D,투자가동률,실적,0.4503,,,,,,
346,GMS,202502,PKG,IC,M/D,No Wip,실적,0.2921,,,,,,
347,GMS,202502,PKG,IC,M/D,Linearity,실적,0.9500,,,,,,
348,GMS,202502,PKG,IC,M/D,Loss,실적,0.5497 ,,,,,,
349,GMS,202502,PKG,IC,M/K,투자가동률,실적,0.6456,,,,,,
350,GMS,202502,PKG,IC,M/K,No Wip,실적,0.0322,,,,,,
351,GMS,202502,PKG,IC,M/K,Linearity,실적,0.9500,,,,,,
352,GMS,202502,PKG,IC,M/K,Loss,실적,0.3544 ,,,,,,
353,GMS,202502,PKG,IC,SBM,투자가동률,실적,0.5518,,,,,,
354,GMS,202502,PKG,IC,SBM,No Wip,실적,0.3007,,,,,,
355,GMS,202502,PKG,IC,SBM,Linearity,실적,0.9500,,,,,,
356,GMS,202502,PKG,IC,SBM,Loss,실적,0.4482 ,,,,,,
357,GMS,202502,PKG,IC,S/G,투자가동률,실적,0.6781,,,,,,
358,GMS,202502,PKG,IC,S/G,No Wip,실적,0.3356,,,,,,
359,GMS,202502,PKG,IC,S/G,Linearity,실적,0.9500,,,,,,
360,GMS,202502,PKG,IC,S/G,Loss,실적,0.3219 ,,,,,,
361,EMS,202502,PKG,IC,B/G,투자가동률,실적,0.4085,,,,,,
362,EMS,202502,PKG,IC,B/G,No Wip,실적,0.3586,,,,,,
363,EMS,202502,PKG,IC,B/G,Linearity,실적,0.9500,,,,,,
364,EMS,202502,PKG,IC,B/G,Loss,실적,0.5915 ,,,,,,
365,EMS,202502,PKG,IC,WSD,투자가동률,실적,0.0766,,,,,,
366,EMS,202502,PKG,IC,WSD,No Wip,실적,0.0318,,,,,,
367,EMS,202502,PKG,IC,WSD,Linearity,실적,0.9500,,,,,,
368,EMS,202502,PKG,IC,WSD,Loss,실적,0.9234 ,,,,,,
369,EMS,202502,PKG,IC,W/S,투자가동률,실적,0.6996,,,,,,
370,EMS,202502,PKG,IC,W/S,No Wip,실적,0.2965,,,,,,
371,EMS,202502,PKG,IC,W/S,Linearity,실적,0.9500,,,,,,
372,EMS,202502,PKG,IC,W/S,Loss,실적,0.3004 ,,,,,,
373,EMS,202502,PKG,IC,D/A,투자가동률,실적,0.8886,,,,,,
374,EMS,202502,PKG,IC,D/A,No Wip,실적,0.2166,,,,,,
375,EMS,202502,PKG,IC,D/A,Linearity,실적,0.9500,,,,,,
376,EMS,202502,PKG,IC,D/A,Loss,실적,0.1114 ,,,,,,
377,EMS,202502,PKG,IC,FCB,투자가동률,실적,0.2312,,,,,,
378,EMS,202502,PKG,IC,FCB,No Wip,실적,0.1631,,,,,,
379,EMS,202502,PKG,IC,FCB,Linearity,실적,0.9500,,,,,,
380,EMS,202502,PKG,IC,FCB,Loss,실적,0.7688 ,,,,,,
381,EMS,202502,PKG,IC,W/B,투자가동률,실적,0.2647,,,,,,
382,EMS,202502,PKG,IC,W/B,No Wip,실적,0.2230,,,,,,
383,EMS,202502,PKG,IC,W/B,Linearity,실적,0.9500,,,,,,
384,EMS,202502,PKG,IC,W/B,Loss,실적,0.7353 ,,,,,,
385,EMS,202502,PKG,IC,M/D,투자가동률,실적,0.5552,,,,,,
386,EMS,202502,PKG,IC,M/D,No Wip,실적,0.3463,,,,,,
387,EMS,202502,PKG,IC,M/D,Linearity,실적,0.9500,,,,,,
388,EMS,202502,PKG,IC,M/D,Loss,실적,0.4448 ,,,,,,
389,EMS,202502,PKG,IC,M/K,투자가동률,실적,0.4665,,,,,,
390,EMS,202502,PKG,IC,M/K,No Wip,실적,0.0532,,,,,,
391,EMS,202502,PKG,IC,M/K,Linearity,실적,0.9500,,,,,,
392,EMS,202502,PKG,IC,M/K,Loss,실적,0.5335 ,,,,,,
393,EMS,202502,PKG,IC,SBM,투자가동률,실적,0.9557,,,,,,
394,EMS,202502,PKG,IC,SBM,No Wip,실적,0.4966,,,,,,
395,EMS,202502,PKG,IC,SBM,Linearity,실적,0.9500,,,,,,
396,EMS,202502,PKG,IC,SBM,Loss,실적,0.0443 ,,,,,,
397,EMS,202502,PKG,IC,S/G,투자가동률,실적,0.9322,,,,,,
398,EMS,202502,PKG,IC,S/G,No Wip,실적,0.5701,,,,,,
399,EMS,202502,PKG,IC,S/G,Linearity,실적,0.9500,,,,,,
400,EMS,202502,PKG,IC,S/G,Loss,실적,0.0678 ,,,,,,
401,RPT,202502,PKG,IC,B/G,투자가동률,실적,0.6563,,,,,,
402,RPT,202502,PKG,IC,B/G,No Wip,실적,0.5379,,,,,,
403,RPT,202502,PKG,IC,B/G,Linearity,실적,0.9500,,,,,,
404,RPT,202502,PKG,IC,B/G,Loss,실적,0.3437 ,,,,,,
405,RPT,202502,PKG,IC,WSD,투자가동률,실적,0.7404,,,,,,
406,RPT,202502,PKG,IC,WSD,No Wip,실적,0.0320,,,,,,
407,RPT,202502,PKG,IC,WSD,Linearity,실적,0.9500,,,,,,
408,RPT,202502,PKG,IC,WSD,Loss,실적,0.2596 ,,,,,,
409,RPT,202502,PKG,IC,W/S,투자가동률,실적,0.9923,,,,,,
410,RPT,202502,PKG,IC,W/S,No Wip,실적,0.7566,,,,,,
411,RPT,202502,PKG,IC,W/S,Linearity,실적,0.9500,,,,,,
412,RPT,202502,PKG,IC,W/S,Loss,실적,0.0077 ,,,,,,
413,RPT,202502,PKG,IC,D/A,투자가동률,실적,0.0232,,,,,,
414,RPT,202502,PKG,IC,D/A,No Wip,실적,0.0194,,,,,,
415,RPT,202502,PKG,IC,D/A,Linearity,실적,0.9500,,,,,,
416,RPT,202502,PKG,IC,D/A,Loss,실적,0.9768 ,,,,,,
417,RPT,202502,PKG,IC,FCB,투자가동률,실적,0.2700,,,,,,
418,RPT,202502,PKG,IC,FCB,No Wip,실적,0.0226,,,,,,
419,RPT,202502,PKG,IC,FCB,Linearity,실적,0.9500,,,,,,
420,RPT,202502,PKG,IC,FCB,Loss,실적,0.7300 ,,,,,,
421,RPT,202502,PKG,IC,W/B,투자가동률,실적,0.5037,,,,,,
422,RPT,202502,PKG,IC,W/B,No Wip,실적,0.0211,,,,,,
423,RPT,202502,PKG,IC,W/B,Linearity,실적,0.9500,,,,,,
424,RPT,202502,PKG,IC,W/B,Loss,실적,0.4963 ,,,,,,
425,RPT,202502,PKG,IC,M/D,투자가동률,실적,0.0532,,,,,,
426,RPT,202502,PKG,IC,M/D,No Wip,실적,0.0105,,,,,,
427,RPT,202502,PKG,IC,M/D,Linearity,실적,0.9500,,,,,,
428,RPT,202502,PKG,IC,M/D,Loss,실적,0.9468 ,,,,,,
429,RPT,202502,PKG,IC,M/K,투자가동률,실적,0.2421,,,,,,
430,RPT,202502,PKG,IC,M/K,No Wip,실적,0.1711,,,,,,
431,RPT,202502,PKG,IC,M/K,Linearity,실적,0.9500,,,,,,
432,RPT,202502,PKG,IC,M/K,Loss,실적,0.7579 ,,,,,,
433,RPT,202502,PKG,IC,SBM,투자가동률,실적,0.0777,,,,,,
434,RPT,202502,PKG,IC,SBM,No Wip,실적,0.0513,,,,,,
435,RPT,202502,PKG,IC,SBM,Linearity,실적,0.9500,,,,,,
436,RPT,202502,PKG,IC,SBM,Loss,실적,0.9223 ,,,,,,
437,RPT,202502,PKG,IC,S/G,투자가동률,실적,0.6044,,,,,,
438,RPT,202502,PKG,IC,S/G,No Wip,실적,0.1158,,,,,,
439,RPT,202502,PKG,IC,S/G,Linearity,실적,0.9500,,,,,,
440,RPT,202502,PKG,IC,S/G,Loss,실적,0.3956 ,,,,,,
441,CIM,202502,PKG,IC,B/G,투자가동률,실적,0.2877,,,,,,
442,CIM,202502,PKG,IC,B/G,No Wip,실적,0.2801,,,,,,
443,CIM,202502,PKG,IC,B/G,Linearity,실적,0.9500,,,,,,
444,CIM,202502,PKG,IC,B/G,Loss,실적,0.7123 ,,,,,,
445,CIM,202502,PKG,IC,WSD,투자가동률,실적,0.7997,,,,,,
446,CIM,202502,PKG,IC,WSD,No Wip,실적,0.2509,,,,,,
447,CIM,202502,PKG,IC,WSD,Linearity,실적,0.9500,,,,,,
448,CIM,202502,PKG,IC,WSD,Loss,실적,0.2003 ,,,,,,
449,CIM,202502,PKG,IC,W/S,투자가동률,실적,0.5860,,,,,,
450,CIM,202502,PKG,IC,W/S,No Wip,실적,0.5229,,,,,,
451,CIM,202502,PKG,IC,W/S,Linearity,실적,0.9500,,,,,,
452,CIM,202502,PKG,IC,W/S,Loss,실적,0.4140 ,,,,,,
453,CIM,202502,PKG,IC,D/A,투자가동률,실적,0.2488,,,,,,
454,CIM,202502,PKG,IC,D/A,No Wip,실적,0.2465,,,,,,
455,CIM,202502,PKG,IC,D/A,Linearity,실적,0.9500,,,,,,
456,CIM,202502,PKG,IC,D/A,Loss,실적,0.7512 ,,,,,,
457,CIM,202502,PKG,IC,FCB,투자가동률,실적,0.1711,,,,,,
458,CIM,202502,PKG,IC,FCB,No Wip,실적,0.0361,,,,,,
459,CIM,202502,PKG,IC,FCB,Linearity,실적,0.9500,,,,,,
460,CIM,202502,PKG,IC,FCB,Loss,실적,0.8289 ,,,,,,
461,CIM,202502,PKG,IC,W/B,투자가동률,실적,0.3457,,,,,,
462,CIM,202502,PKG,IC,W/B,No Wip,실적,0.3118,,,,,,
463,CIM,202502,PKG,IC,W/B,Linearity,실적,0.9500,,,,,,
464,CIM,202502,PKG,IC,W/B,Loss,실적,0.6543 ,,,,,,
465,CIM,202502,PKG,IC,M/D,투자가동률,실적,0.1922,,,,,,
466,CIM,202502,PKG,IC,M/D,No Wip,실적,0.0474,,,,,,
467,CIM,202502,PKG,IC,M/D,Linearity,실적,0.9500,,,,,,
468,CIM,202502,PKG,IC,M/D,Loss,실적,0.8078 ,,,,,,
469,CIM,202502,PKG,IC,M/K,투자가동률,실적,0.1614,,,,,,
470,CIM,202502,PKG,IC,M/K,No Wip,실적,0.1467,,,,,,
471,CIM,202502,PKG,IC,M/K,Linearity,실적,0.9500,,,,,,
472,CIM,202502,PKG,IC,M/K,Loss,실적,0.8386 ,,,,,,
473,CIM,202502,PKG,IC,SBM,투자가동률,실적,0.9415,,,,,,
474,CIM,202502,PKG,IC,SBM,No Wip,실적,0.4838,,,,,,
475,CIM,202502,PKG,IC,SBM,Linearity,실적,0.9500,,,,,,
476,CIM,202502,PKG,IC,SBM,Loss,실적,0.0585 ,,,,,,
477,CIM,202502,PKG,IC,S/G,투자가동률,실적,0.1756,,,,,,
478,CIM,202502,PKG,IC,S/G,No Wip,실적,0.1562,,,,,,
479,CIM,202502,PKG,IC,S/G,Linearity,실적,0.9500,,,,,,
480,CIM,202502,PKG,IC,S/G,Loss,실적,0.8244 ,,,,,,
481,GMS,202502,PKG,IC,B/G,투자가동률,목표,0.5585,,,,,,
482,GMS,202502,PKG,IC,B/G,No Wip,목표,0.0302,,,,,,
483,GMS,202502,PKG,IC,B/G,Linearity,목표,0.9500,,,,,,
484,GMS,202502,PKG,IC,B/G,Loss,목표,0.4415 ,,,,,,
485,GMS,202502,PKG,IC,WSD,투자가동률,목표,0.5862,,,,,,
486,GMS,202502,PKG,IC,WSD,No Wip,목표,0.1502,,,,,,
487,GMS,202502,PKG,IC,WSD,Linearity,목표,0.9500,,,,,,
488,GMS,202502,PKG,IC,WSD,Loss,목표,0.4138 ,,,,,,
489,GMS,202502,PKG,IC,W/S,투자가동률,목표,0.0494,,,,,,
490,GMS,202502,PKG,IC,W/S,No Wip,목표,0.0434,,,,,,
491,GMS,202502,PKG,IC,W/S,Linearity,목표,0.9500,,,,,,
492,GMS,202502,PKG,IC,W/S,Loss,목표,0.9506 ,,,,,,
493,GMS,202502,PKG,IC,D/A,투자가동률,목표,0.8704,,,,,,
494,GMS,202502,PKG,IC,D/A,No Wip,목표,0.4016,,,,,,
495,GMS,202502,PKG,IC,D/A,Linearity,목표,0.9500,,,,,,
496,GMS,202502,PKG,IC,D/A,Loss,목표,0.1296 ,,,,,,
497,GMS,202502,PKG,IC,FCB,투자가동률,목표,0.5120,,,,,,
498,GMS,202502,PKG,IC,FCB,No Wip,목표,0.0598,,,,,,
499,GMS,202502,PKG,IC,FCB,Linearity,목표,0.9500,,,,,,
500,GMS,202502,PKG,IC,FCB,Loss,목표,0.4880 ,,,,,,
501,GMS,202502,PKG,IC,W/B,투자가동률,목표,0.0828,,,,,,
502,GMS,202502,PKG,IC,W/B,No Wip,목표,0.0564,,,,,,
503,GMS,202502,PKG,IC,W/B,Linearity,목표,0.9500,,,,,,
504,GMS,202502,PKG,IC,W/B,Loss,목표,0.9172 ,,,,,,
505,GMS,202502,PKG,IC,M/D,투자가동률,목표,0.9540,,,,,,
506,GMS,202502,PKG,IC,M/D,No Wip,목표,0.5321,,,,,,
507,GMS,202502,PKG,IC,M/D,Linearity,목표,0.9500,,,,,,
508,GMS,202502,PKG,IC,M/D,Loss,목표,0.0460 ,,,,,,
509,GMS,202502,PKG,IC,M/K,투자가동률,목표,0.9510,,,,,,
510,GMS,202502,PKG,IC,M/K,No Wip,목표,0.4198,,,,,,
511,GMS,202502,PKG,IC,M/K,Linearity,목표,0.9500,,,,,,
512,GMS,202502,PKG,IC,M/K,Loss,목표,0.0490 ,,,,,,
513,GMS,202502,PKG,IC,SBM,투자가동률,목표,0.7008,,,,,,
514,GMS,202502,PKG,IC,SBM,No Wip,목표,0.5744,,,,,,
515,GMS,202502,PKG,IC,SBM,Linearity,목표,0.9500,,,,,,
516,GMS,202502,PKG,IC,SBM,Loss,목표,0.2992 ,,,,,,
517,GMS,202502,PKG,IC,S/G,투자가동률,목표,0.4828,,,,,,
518,GMS,202502,PKG,IC,S/G,No Wip,목표,0.4683,,,,,,
519,GMS,202502,PKG,IC,S/G,Linearity,목표,0.9500,,,,,,
520,GMS,202502,PKG,IC,S/G,Loss,목표,0.5172 ,,,,,,
521,EMS,202502,PKG,IC,B/G,투자가동률,목표,0.4662,,,,,,
522,EMS,202502,PKG,IC,B/G,No Wip,목표,0.1789,,,,,,
523,EMS,202502,PKG,IC,B/G,Linearity,목표,0.9500,,,,,,
524,EMS,202502,PKG,IC,B/G,Loss,목표,0.5338 ,,,,,,
525,EMS,202502,PKG,IC,WSD,투자가동률,목표,0.0954,,,,,,
526,EMS,202502,PKG,IC,WSD,No Wip,목표,0.0535,,,,,,
527,EMS,202502,PKG,IC,WSD,Linearity,목표,0.9500,,,,,,
528,EMS,202502,PKG,IC,WSD,Loss,목표,0.9046 ,,,,,,
529,EMS,202502,PKG,IC,W/S,투자가동률,목표,0.5992,,,,,,
530,EMS,202502,PKG,IC,W/S,No Wip,목표,0.0547,,,,,,
531,EMS,202502,PKG,IC,W/S,Linearity,목표,0.9500,,,,,,
532,EMS,202502,PKG,IC,W/S,Loss,목표,0.4008 ,,,,,,
533,EMS,202502,PKG,IC,D/A,투자가동률,목표,0.3377,,,,,,
534,EMS,202502,PKG,IC,D/A,No Wip,목표,0.2122,,,,,,
535,EMS,202502,PKG,IC,D/A,Linearity,목표,0.9500,,,,,,
536,EMS,202502,PKG,IC,D/A,Loss,목표,0.6623 ,,,,,,
537,EMS,202502,PKG,IC,FCB,투자가동률,목표,0.7060,,,,,,
538,EMS,202502,PKG,IC,FCB,No Wip,목표,0.4993,,,,,,
539,EMS,202502,PKG,IC,FCB,Linearity,목표,0.9500,,,,,,
540,EMS,202502,PKG,IC,FCB,Loss,목표,0.2940 ,,,,,,
541,EMS,202502,PKG,IC,W/B,투자가동률,목표,0.4898,,,,,,
542,EMS,202502,PKG,IC,W/B,No Wip,목표,0.4234,,,,,,
543,EMS,202502,PKG,IC,W/B,Linearity,목표,0.9500,,,,,,
544,EMS,202502,PKG,IC,W/B,Loss,목표,0.5102 ,,,,,,
545,EMS,202502,PKG,IC,M/D,투자가동률,목표,0.3588,,,,,,
546,EMS,202502,PKG,IC,M/D,No Wip,목표,0.2854,,,,,,
547,EMS,202502,PKG,IC,M/D,Linearity,목표,0.9500,,,,,,
548,EMS,202502,PKG,IC,M/D,Loss,목표,0.6412 ,,,,,,
549,EMS,202502,PKG,IC,M/K,투자가동률,목표,0.1314,,,,,,
550,EMS,202502,PKG,IC,M/K,No Wip,목표,0.0315,,,,,,
551,EMS,202502,PKG,IC,M/K,Linearity,목표,0.9500,,,,,,
552,EMS,202502,PKG,IC,M/K,Loss,목표,0.8686 ,,,,,,
553,EMS,202502,PKG,IC,SBM,투자가동률,목표,0.2041,,,,,,
554,EMS,202502,PKG,IC,SBM,No Wip,목표,0.0814,,,,,,
555,EMS,202502,PKG,IC,SBM,Linearity,목표,0.9500,,,,,,
556,EMS,202502,PKG,IC,SBM,Loss,목표,0.7959 ,,,,,,
557,EMS,202502,PKG,IC,S/G,투자가동률,목표,0.8595,,,,,,
558,EMS,202502,PKG,IC,S/G,No Wip,목표,0.0074,,,,,,
559,EMS,202502,PKG,IC,S/G,Linearity,목표,0.9500,,,,,,
560,EMS,202502,PKG,IC,S/G,Loss,목표,0.1405 ,,,,,,
561,RPT,202502,PKG,IC,B/G,투자가동률,목표,0.4227,,,,,,
562,RPT,202502,PKG,IC,B/G,No Wip,목표,0.0091,,,,,,
563,RPT,202502,PKG,IC,B/G,Linearity,목표,0.9500,,,,,,
564,RPT,202502,PKG,IC,B/G,Loss,목표,0.5773 ,,,,,,
565,RPT,202502,PKG,IC,WSD,투자가동률,목표,0.6052,,,,,,
566,RPT,202502,PKG,IC,WSD,No Wip,목표,0.0244,,,,,,
567,RPT,202502,PKG,IC,WSD,Linearity,목표,0.9500,,,,,,
568,RPT,202502,PKG,IC,WSD,Loss,목표,0.3948 ,,,,,,
569,RPT,202502,PKG,IC,W/S,투자가동률,목표,0.2221,,,,,,
570,RPT,202502,PKG,IC,W/S,No Wip,목표,0.0909,,,,,,
571,RPT,202502,PKG,IC,W/S,Linearity,목표,0.9500,,,,,,
572,RPT,202502,PKG,IC,W/S,Loss,목표,0.7779 ,,,,,,
573,RPT,202502,PKG,IC,D/A,투자가동률,목표,0.8198,,,,,,
574,RPT,202502,PKG,IC,D/A,No Wip,목표,0.1324,,,,,,
575,RPT,202502,PKG,IC,D/A,Linearity,목표,0.9500,,,,,,
576,RPT,202502,PKG,IC,D/A,Loss,목표,0.1802 ,,,,,,
577,RPT,202502,PKG,IC,FCB,투자가동률,목표,0.3976,,,,,,
578,RPT,202502,PKG,IC,FCB,No Wip,목표,0.3179,,,,,,
579,RPT,202502,PKG,IC,FCB,Linearity,목표,0.9500,,,,,,
580,RPT,202502,PKG,IC,FCB,Loss,목표,0.6024 ,,,,,,
581,RPT,202502,PKG,IC,W/B,투자가동률,목표,0.9834,,,,,,
582,RPT,202502,PKG,IC,W/B,No Wip,목표,0.3030,,,,,,
583,RPT,202502,PKG,IC,W/B,Linearity,목표,0.9500,,,,,,
584,RPT,202502,PKG,IC,W/B,Loss,목표,0.0166 ,,,,,,
585,RPT,202502,PKG,IC,M/D,투자가동률,목표,0.6389,,,,,,
586,RPT,202502,PKG,IC,M/D,No Wip,목표,0.0741,,,,,,
587,RPT,202502,PKG,IC,M/D,Linearity,목표,0.9500,,,,,,
588,RPT,202502,PKG,IC,M/D,Loss,목표,0.3611 ,,,,,,
589,RPT,202502,PKG,IC,M/K,투자가동률,목표,0.4546,,,,,,
590,RPT,202502,PKG,IC,M/K,No Wip,목표,0.3527,,,,,,
591,RPT,202502,PKG,IC,M/K,Linearity,목표,0.9500,,,,,,
592,RPT,202502,PKG,IC,M/K,Loss,목표,0.5454 ,,,,,,
593,RPT,202502,PKG,IC,SBM,투자가동률,목표,0.5635,,,,,,
594,RPT,202502,PKG,IC,SBM,No Wip,목표,0.2637,,,,,,
595,RPT,202502,PKG,IC,SBM,Linearity,목표,0.9500,,,,,,
596,RPT,202502,PKG,IC,SBM,Loss,목표,0.4365 ,,,,,,
597,RPT,202502,PKG,IC,S/G,투자가동률,목표,0.3022,,,,,,
598,RPT,202502,PKG,IC,S/G,No Wip,목표,0.2659,,,,,,
599,RPT,202502,PKG,IC,S/G,Linearity,목표,0.9500,,,,,,
600,RPT,202502,PKG,IC,S/G,Loss,목표,0.6978 ,,,,,,
601,CIM,202502,PKG,IC,B/G,투자가동률,목표,0.8936,,,,,,
602,CIM,202502,PKG,IC,B/G,No Wip,목표,0.5901,,,,,,
603,CIM,202502,PKG,IC,B/G,Linearity,목표,0.9500,,,,,,
604,CIM,202502,PKG,IC,B/G,Loss,목표,0.1064 ,,,,,,
605,CIM,202502,PKG,IC,WSD,투자가동률,목표,0.4457,,,,,,
606,CIM,202502,PKG,IC,WSD,No Wip,목표,0.0680,,,,,,
607,CIM,202502,PKG,IC,WSD,Linearity,목표,0.9500,,,,,,
608,CIM,202502,PKG,IC,WSD,Loss,목표,0.5543 ,,,,,,
609,CIM,202502,PKG,IC,W/S,투자가동률,목표,0.6808,,,,,,
610,CIM,202502,PKG,IC,W/S,No Wip,목표,0.4824,,,,,,
611,CIM,202502,PKG,IC,W/S,Linearity,목표,0.9500,,,,,,
612,CIM,202502,PKG,IC,W/S,Loss,목표,0.3192 ,,,,,,
613,CIM,202502,PKG,IC,D/A,투자가동률,목표,0.3363,,,,,,
614,CIM,202502,PKG,IC,D/A,No Wip,목표,0.1440,,,,,,
615,CIM,202502,PKG,IC,D/A,Linearity,목표,0.9500,,,,,,
616,CIM,202502,PKG,IC,D/A,Loss,목표,0.6637 ,,,,,,
617,CIM,202502,PKG,IC,FCB,투자가동률,목표,0.3396,,,,,,
618,CIM,202502,PKG,IC,FCB,No Wip,목표,0.2009,,,,,,
619,CIM,202502,PKG,IC,FCB,Linearity,목표,0.9500,,,,,,
620,CIM,202502,PKG,IC,FCB,Loss,목표,0.6604 ,,,,,,
621,CIM,202502,PKG,IC,W/B,투자가동률,목표,0.1505,,,,,,
622,CIM,202502,PKG,IC,W/B,No Wip,목표,0.0007,,,,,,
623,CIM,202502,PKG,IC,W/B,Linearity,목표,0.9500,,,,,,
624,CIM,202502,PKG,IC,W/B,Loss,목표,0.8495 ,,,,,,
625,CIM,202502,PKG,IC,M/D,투자가동률,목표,0.9982,,,,,,
626,CIM,202502,PKG,IC,M/D,No Wip,목표,0.1084,,,,,,
627,CIM,202502,PKG,IC,M/D,Linearity,목표,0.9500,,,,,,
628,CIM,202502,PKG,IC,M/D,Loss,목표,0.0018 ,,,,,,
629,CIM,202502,PKG,IC,M/K,투자가동률,목표,0.7803,,,,,,
630,CIM,202502,PKG,IC,M/K,No Wip,목표,0.1603,,,,,,
631,CIM,202502,PKG,IC,M/K,Linearity,목표,0.9500,,,,,,
632,CIM,202502,PKG,IC,M/K,Loss,목표,0.2197 ,,,,,,
633,CIM,202502,PKG,IC,SBM,투자가동률,목표,0.7007,,,,,,
634,CIM,202502,PKG,IC,SBM,No Wip,목표,0.4087,,,,,,
635,CIM,202502,PKG,IC,SBM,Linearity,목표,0.9500,,,,,,
636,CIM,202502,PKG,IC,SBM,Loss,목표,0.2993 ,,,,,,
637,CIM,202502,PKG,IC,S/G,투자가동률,목표,0.3191,,,,,,
638,CIM,202502,PKG,IC,S/G,No Wip,목표,0.0588,,,,,,
639,CIM,202502,PKG,IC,S/G,Linearity,목표,0.9500,,,,,,
640,CIM,202502,PKG,IC,S/G,Loss,목표,0.6809 ,,,,,,
641,GMS,202503,PKG,IC,B/G,투자가동률,실적,0.1501,,,,,,
642,GMS,202503,PKG,IC,B/G,No Wip,실적,0.0272,,,,,,
643,GMS,202503,PKG,IC,B/G,Linearity,실적,0.9500,,,,,,
644,GMS,202503,PKG,IC,B/G,Loss,실적,0.8499 ,,,,,,
645,GMS,202503,PKG,IC,WSD,투자가동률,실적,0.7324,,,,,,
646,GMS,202503,PKG,IC,WSD,No Wip,실적,0.6689,,,,,,
647,GMS,202503,PKG,IC,WSD,Linearity,실적,0.9500,,,,,,
648,GMS,202503,PKG,IC,WSD,Loss,실적,0.2676 ,,,,,,
649,GMS,202503,PKG,IC,W/S,투자가동률,실적,0.5993,,,,,,
650,GMS,202503,PKG,IC,W/S,No Wip,실적,0.1425,,,,,,
651,GMS,202503,PKG,IC,W/S,Linearity,실적,0.9500,,,,,,
652,GMS,202503,PKG,IC,W/S,Loss,실적,0.4007 ,,,,,,
653,GMS,202503,PKG,IC,D/A,투자가동률,실적,0.9367,,,,,,
654,GMS,202503,PKG,IC,D/A,No Wip,실적,0.3201,,,,,,
655,GMS,202503,PKG,IC,D/A,Linearity,실적,0.9500,,,,,,
656,GMS,202503,PKG,IC,D/A,Loss,실적,0.0633 ,,,,,,
657,GMS,202503,PKG,IC,FCB,투자가동률,실적,0.5573,,,,,,
658,GMS,202503,PKG,IC,FCB,No Wip,실적,0.1921,,,,,,
659,GMS,202503,PKG,IC,FCB,Linearity,실적,0.9500,,,,,,
660,GMS,202503,PKG,IC,FCB,Loss,실적,0.4427 ,,,,,,
661,GMS,202503,PKG,IC,W/B,투자가동률,실적,0.9753,,,,,,
662,GMS,202503,PKG,IC,W/B,No Wip,실적,0.9604,,,,,,
663,GMS,202503,PKG,IC,W/B,Linearity,실적,0.9500,,,,,,
664,GMS,202503,PKG,IC,W/B,Loss,실적,0.0247 ,,,,,,
665,GMS,202503,PKG,IC,M/D,투자가동률,실적,0.6357,,,,,,
666,GMS,202503,PKG,IC,M/D,No Wip,실적,0.5043,,,,,,
667,GMS,202503,PKG,IC,M/D,Linearity,실적,0.9500,,,,,,
668,GMS,202503,PKG,IC,M/D,Loss,실적,0.3643 ,,,,,,
669,GMS,202503,PKG,IC,M/K,투자가동률,실적,0.4696,,,,,,
670,GMS,202503,PKG,IC,M/K,No Wip,실적,0.3838,,,,,,
671,GMS,202503,PKG,IC,M/K,Linearity,실적,0.9500,,,,,,
672,GMS,202503,PKG,IC,M/K,Loss,실적,0.5304 ,,,,,,
673,GMS,202503,PKG,IC,SBM,투자가동률,실적,0.6439,,,,,,
674,GMS,202503,PKG,IC,SBM,No Wip,실적,0.3515,,,,,,
675,GMS,202503,PKG,IC,SBM,Linearity,실적,0.9500,,,,,,
676,GMS,202503,PKG,IC,SBM,Loss,실적,0.3561 ,,,,,,
677,GMS,202503,PKG,IC,S/G,투자가동률,실적,0.4865,,,,,,
678,GMS,202503,PKG,IC,S/G,No Wip,실적,0.4432,,,,,,
679,GMS,202503,PKG,IC,S/G,Linearity,실적,0.9500,,,,,,
680,GMS,202503,PKG,IC,S/G,Loss,실적,0.5135 ,,,,,,
681,EMS,202503,PKG,IC,B/G,투자가동률,실적,0.3210,,,,,,
682,EMS,202503,PKG,IC,B/G,No Wip,실적,0.1080,,,,,,
683,EMS,202503,PKG,IC,B/G,Linearity,실적,0.9500,,,,,,
684,EMS,202503,PKG,IC,B/G,Loss,실적,0.6790 ,,,,,,
685,EMS,202503,PKG,IC,WSD,투자가동률,실적,0.3151,,,,,,
686,EMS,202503,PKG,IC,WSD,No Wip,실적,0.2463,,,,,,
687,EMS,202503,PKG,IC,WSD,Linearity,실적,0.9500,,,,,,
688,EMS,202503,PKG,IC,WSD,Loss,실적,0.6849 ,,,,,,
689,EMS,202503,PKG,IC,W/S,투자가동률,실적,0.9222,,,,,,
690,EMS,202503,PKG,IC,W/S,No Wip,실적,0.8779,,,,,,
691,EMS,202503,PKG,IC,W/S,Linearity,실적,0.9500,,,,,,
692,EMS,202503,PKG,IC,W/S,Loss,실적,0.0778 ,,,,,,
693,EMS,202503,PKG,IC,D/A,투자가동률,실적,0.6755,,,,,,
694,EMS,202503,PKG,IC,D/A,No Wip,실적,0.0986,,,,,,
695,EMS,202503,PKG,IC,D/A,Linearity,실적,0.9500,,,,,,
696,EMS,202503,PKG,IC,D/A,Loss,실적,0.3245 ,,,,,,
697,EMS,202503,PKG,IC,FCB,투자가동률,실적,0.6861,,,,,,
698,EMS,202503,PKG,IC,FCB,No Wip,실적,0.6256,,,,,,
699,EMS,202503,PKG,IC,FCB,Linearity,실적,0.9500,,,,,,
700,EMS,202503,PKG,IC,FCB,Loss,실적,0.3139 ,,,,,,
701,EMS,202503,PKG,IC,W/B,투자가동률,실적,0.2386,,,,,,
702,EMS,202503,PKG,IC,W/B,No Wip,실적,0.2011,,,,,,
703,EMS,202503,PKG,IC,W/B,Linearity,실적,0.9500,,,,,,
704,EMS,202503,PKG,IC,W/B,Loss,실적,0.7614 ,,,,,,
705,EMS,202503,PKG,IC,M/D,투자가동률,실적,0.4520,,,,,,
706,EMS,202503,PKG,IC,M/D,No Wip,실적,0.1070,,,,,,
707,EMS,202503,PKG,IC,M/D,Linearity,실적,0.9500,,,,,,
708,EMS,202503,PKG,IC,M/D,Loss,실적,0.5480 ,,,,,,
709,EMS,202503,PKG,IC,M/K,투자가동률,실적,0.2200,,,,,,
710,EMS,202503,PKG,IC,M/K,No Wip,실적,0.1014,,,,,,
711,EMS,202503,PKG,IC,M/K,Linearity,실적,0.9500,,,,,,
712,EMS,202503,PKG,IC,M/K,Loss,실적,0.7800 ,,,,,,
713,EMS,202503,PKG,IC,SBM,투자가동률,실적,0.4251,,,,,,
714,EMS,202503,PKG,IC,SBM,No Wip,실적,0.2973,,,,,,
715,EMS,202503,PKG,IC,SBM,Linearity,실적,0.9500,,,,,,
716,EMS,202503,PKG,IC,SBM,Loss,실적,0.5749 ,,,,,,
717,EMS,202503,PKG,IC,S/G,투자가동률,실적,0.5025,,,,,,
718,EMS,202503,PKG,IC,S/G,No Wip,실적,0.3151,,,,,,
719,EMS,202503,PKG,IC,S/G,Linearity,실적,0.9500,,,,,,
720,EMS,202503,PKG,IC,S/G,Loss,실적,0.4975 ,,,,,,
721,RPT,202503,PKG,IC,B/G,투자가동률,실적,0.7569,,,,,,
722,RPT,202503,PKG,IC,B/G,No Wip,실적,0.6246,,,,,,
723,RPT,202503,PKG,IC,B/G,Linearity,실적,0.9500,,,,,,
724,RPT,202503,PKG,IC,B/G,Loss,실적,0.2431 ,,,,,,
725,RPT,202503,PKG,IC,WSD,투자가동률,실적,0.7183,,,,,,
726,RPT,202503,PKG,IC,WSD,No Wip,실적,0.2303,,,,,,
727,RPT,202503,PKG,IC,WSD,Linearity,실적,0.9500,,,,,,
728,RPT,202503,PKG,IC,WSD,Loss,실적,0.2817 ,,,,,,
729,RPT,202503,PKG,IC,W/S,투자가동률,실적,0.9529,,,,,,
730,RPT,202503,PKG,IC,W/S,No Wip,실적,0.0522,,,,,,
731,RPT,202503,PKG,IC,W/S,Linearity,실적,0.9500,,,,,,
732,RPT,202503,PKG,IC,W/S,Loss,실적,0.0471 ,,,,,,
733,RPT,202503,PKG,IC,D/A,투자가동률,실적,0.8586,,,,,,
734,RPT,202503,PKG,IC,D/A,No Wip,실적,0.3157,,,,,,
735,RPT,202503,PKG,IC,D/A,Linearity,실적,0.9500,,,,,,
736,RPT,202503,PKG,IC,D/A,Loss,실적,0.1414 ,,,,,,
737,RPT,202503,PKG,IC,FCB,투자가동률,실적,0.2190,,,,,,
738,RPT,202503,PKG,IC,FCB,No Wip,실적,0.0194,,,,,,
739,RPT,202503,PKG,IC,FCB,Linearity,실적,0.9500,,,,,,
740,RPT,202503,PKG,IC,FCB,Loss,실적,0.7810 ,,,,,,
741,RPT,202503,PKG,IC,W/B,투자가동률,실적,0.7266,,,,,,
742,RPT,202503,PKG,IC,W/B,No Wip,실적,0.6239,,,,,,
743,RPT,202503,PKG,IC,W/B,Linearity,실적,0.9500,,,,,,
744,RPT,202503,PKG,IC,W/B,Loss,실적,0.2734 ,,,,,,
745,RPT,202503,PKG,IC,M/D,투자가동률,실적,0.6333,,,,,,
746,RPT,202503,PKG,IC,M/D,No Wip,실적,0.0568,,,,,,
747,RPT,202503,PKG,IC,M/D,Linearity,실적,0.9500,,,,,,
748,RPT,202503,PKG,IC,M/D,Loss,실적,0.3667 ,,,,,,
749,RPT,202503,PKG,IC,M/K,투자가동률,실적,0.7331,,,,,,
750,RPT,202503,PKG,IC,M/K,No Wip,실적,0.1103,,,,,,
751,RPT,202503,PKG,IC,M/K,Linearity,실적,0.9500,,,,,,
752,RPT,202503,PKG,IC,M/K,Loss,실적,0.2669 ,,,,,,
753,RPT,202503,PKG,IC,SBM,투자가동률,실적,0.3263,,,,,,
754,RPT,202503,PKG,IC,SBM,No Wip,실적,0.3158,,,,,,
755,RPT,202503,PKG,IC,SBM,Linearity,실적,0.9500,,,,,,
756,RPT,202503,PKG,IC,SBM,Loss,실적,0.6737 ,,,,,,
757,RPT,202503,PKG,IC,S/G,투자가동률,실적,0.8680,,,,,,
758,RPT,202503,PKG,IC,S/G,No Wip,실적,0.0886,,,,,,
759,RPT,202503,PKG,IC,S/G,Linearity,실적,0.9500,,,,,,
760,RPT,202503,PKG,IC,S/G,Loss,실적,0.1320 ,,,,,,
761,CIM,202503,PKG,IC,B/G,투자가동률,실적,0.4319,,,,,,
762,CIM,202503,PKG,IC,B/G,No Wip,실적,0.2405,,,,,,
763,CIM,202503,PKG,IC,B/G,Linearity,실적,0.9500,,,,,,
764,CIM,202503,PKG,IC,B/G,Loss,실적,0.5681 ,,,,,,
765,CIM,202503,PKG,IC,WSD,투자가동률,실적,0.8168,,,,,,
766,CIM,202503,PKG,IC,WSD,No Wip,실적,0.4760,,,,,,
767,CIM,202503,PKG,IC,WSD,Linearity,실적,0.9500,,,,,,
768,CIM,202503,PKG,IC,WSD,Loss,실적,0.1832 ,,,,,,
769,CIM,202503,PKG,IC,W/S,투자가동률,실적,0.2606,,,,,,
770,CIM,202503,PKG,IC,W/S,No Wip,실적,0.1413,,,,,,
771,CIM,202503,PKG,IC,W/S,Linearity,실적,0.9500,,,,,,
772,CIM,202503,PKG,IC,W/S,Loss,실적,0.7394 ,,,,,,
773,CIM,202503,PKG,IC,D/A,투자가동률,실적,0.1573,,,,,,
774,CIM,202503,PKG,IC,D/A,No Wip,실적,0.1220,,,,,,
775,CIM,202503,PKG,IC,D/A,Linearity,실적,0.9500,,,,,,
776,CIM,202503,PKG,IC,D/A,Loss,실적,0.8427 ,,,,,,
777,CIM,202503,PKG,IC,FCB,투자가동률,실적,0.9476,,,,,,
778,CIM,202503,PKG,IC,FCB,No Wip,실적,0.1684,,,,,,
779,CIM,202503,PKG,IC,FCB,Linearity,실적,0.9500,,,,,,
780,CIM,202503,PKG,IC,FCB,Loss,실적,0.0524 ,,,,,,
781,CIM,202503,PKG,IC,W/B,투자가동률,실적,0.1193,,,,,,
782,CIM,202503,PKG,IC,W/B,No Wip,실적,0.0261,,,,,,
783,CIM,202503,PKG,IC,W/B,Linearity,실적,0.9500,,,,,,
784,CIM,202503,PKG,IC,W/B,Loss,실적,0.8807 ,,,,,,
785,CIM,202503,PKG,IC,M/D,투자가동률,실적,0.3605,,,,,,
786,CIM,202503,PKG,IC,M/D,No Wip,실적,0.0600,,,,,,
787,CIM,202503,PKG,IC,M/D,Linearity,실적,0.9500,,,,,,
788,CIM,202503,PKG,IC,M/D,Loss,실적,0.6395 ,,,,,,
789,CIM,202503,PKG,IC,M/K,투자가동률,실적,0.9138,,,,,,
790,CIM,202503,PKG,IC,M/K,No Wip,실적,0.4834,,,,,,
791,CIM,202503,PKG,IC,M/K,Linearity,실적,0.9500,,,,,,
792,CIM,202503,PKG,IC,M/K,Loss,실적,0.0862 ,,,,,,
793,CIM,202503,PKG,IC,SBM,투자가동률,실적,0.6603,,,,,,
794,CIM,202503,PKG,IC,SBM,No Wip,실적,0.3426,,,,,,
795,CIM,202503,PKG,IC,SBM,Linearity,실적,0.9500,,,,,,
796,CIM,202503,PKG,IC,SBM,Loss,실적,0.3397 ,,,,,,
797,CIM,202503,PKG,IC,S/G,투자가동률,실적,0.8093,,,,,,
798,CIM,202503,PKG,IC,S/G,No Wip,실적,0.4389,,,,,,
799,CIM,202503,PKG,IC,S/G,Linearity,실적,0.9500,,,,,,
800,CIM,202503,PKG,IC,S/G,Loss,실적,0.1907 ,,,,,,
801,GMS,202503,PKG,IC,B/G,투자가동률,목표,0.2855,,,,,,
802,GMS,202503,PKG,IC,B/G,No Wip,목표,0.2088,,,,,,
803,GMS,202503,PKG,IC,B/G,Linearity,목표,0.9500,,,,,,
804,GMS,202503,PKG,IC,B/G,Loss,목표,0.7145 ,,,,,,
805,GMS,202503,PKG,IC,WSD,투자가동률,목표,0.9253,,,,,,
806,GMS,202503,PKG,IC,WSD,No Wip,목표,0.5152,,,,,,
807,GMS,202503,PKG,IC,WSD,Linearity,목표,0.9500,,,,,,
808,GMS,202503,PKG,IC,WSD,Loss,목표,0.0747 ,,,,,,
809,GMS,202503,PKG,IC,W/S,투자가동률,목표,0.6620,,,,,,
810,GMS,202503,PKG,IC,W/S,No Wip,목표,0.1881,,,,,,
811,GMS,202503,PKG,IC,W/S,Linearity,목표,0.9500,,,,,,
812,GMS,202503,PKG,IC,W/S,Loss,목표,0.3380 ,,,,,,
813,GMS,202503,PKG,IC,D/A,투자가동률,목표,0.6613,,,,,,
814,GMS,202503,PKG,IC,D/A,No Wip,목표,0.2765,,,,,,
815,GMS,202503,PKG,IC,D/A,Linearity,목표,0.9500,,,,,,
816,GMS,202503,PKG,IC,D/A,Loss,목표,0.3387 ,,,,,,
817,GMS,202503,PKG,IC,FCB,투자가동률,목표,0.8417,,,,,,
818,GMS,202503,PKG,IC,FCB,No Wip,목표,0.0074,,,,,,
819,GMS,202503,PKG,IC,FCB,Linearity,목표,0.9500,,,,,,
820,GMS,202503,PKG,IC,FCB,Loss,목표,0.1583 ,,,,,,
821,GMS,202503,PKG,IC,W/B,투자가동률,목표,0.5785,,,,,,
822,GMS,202503,PKG,IC,W/B,No Wip,목표,0.2265,,,,,,
823,GMS,202503,PKG,IC,W/B,Linearity,목표,0.9500,,,,,,
824,GMS,202503,PKG,IC,W/B,Loss,목표,0.4215 ,,,,,,
825,GMS,202503,PKG,IC,M/D,투자가동률,목표,0.3809,,,,,,
826,GMS,202503,PKG,IC,M/D,No Wip,목표,0.2686,,,,,,
827,GMS,202503,PKG,IC,M/D,Linearity,목표,0.9500,,,,,,
828,GMS,202503,PKG,IC,M/D,Loss,목표,0.6191 ,,,,,,
829,GMS,202503,PKG,IC,M/K,투자가동률,목표,0.1557,,,,,,
830,GMS,202503,PKG,IC,M/K,No Wip,목표,0.0330,,,,,,
831,GMS,202503,PKG,IC,M/K,Linearity,목표,0.9500,,,,,,
832,GMS,202503,PKG,IC,M/K,Loss,목표,0.8443 ,,,,,,
833,GMS,202503,PKG,IC,SBM,투자가동률,목표,0.3711,,,,,,
834,GMS,202503,PKG,IC,SBM,No Wip,목표,0.0283,,,,,,
835,GMS,202503,PKG,IC,SBM,Linearity,목표,0.9500,,,,,,
836,GMS,202503,PKG,IC,SBM,Loss,목표,0.6289 ,,,,,,
837,GMS,202503,PKG,IC,S/G,투자가동률,목표,0.7312,,,,,,
838,GMS,202503,PKG,IC,S/G,No Wip,목표,0.2373,,,,,,
839,GMS,202503,PKG,IC,S/G,Linearity,목표,0.9500,,,,,,
840,GMS,202503,PKG,IC,S/G,Loss,목표,0.2688 ,,,,,,
841,EMS,202503,PKG,IC,B/G,투자가동률,목표,0.6082,,,,,,
842,EMS,202503,PKG,IC,B/G,No Wip,목표,0.4487,,,,,,
843,EMS,202503,PKG,IC,B/G,Linearity,목표,0.9500,,,,,,
844,EMS,202503,PKG,IC,B/G,Loss,목표,0.3918 ,,,,,,
845,EMS,202503,PKG,IC,WSD,투자가동률,목표,0.0808,,,,,,
846,EMS,202503,PKG,IC,WSD,No Wip,목표,0.0121,,,,,,
847,EMS,202503,PKG,IC,WSD,Linearity,목표,0.9500,,,,,,
848,EMS,202503,PKG,IC,WSD,Loss,목표,0.9192 ,,,,,,
849,EMS,202503,PKG,IC,W/S,투자가동률,목표,0.9345,,,,,,
850,EMS,202503,PKG,IC,W/S,No Wip,목표,0.4949,,,,,,
851,EMS,202503,PKG,IC,W/S,Linearity,목표,0.9500,,,,,,
852,EMS,202503,PKG,IC,W/S,Loss,목표,0.0655 ,,,,,,
853,EMS,202503,PKG,IC,D/A,투자가동률,목표,0.0421,,,,,,
854,EMS,202503,PKG,IC,D/A,No Wip,목표,0.0380,,,,,,
855,EMS,202503,PKG,IC,D/A,Linearity,목표,0.9500,,,,,,
856,EMS,202503,PKG,IC,D/A,Loss,목표,0.9579 ,,,,,,
857,EMS,202503,PKG,IC,FCB,투자가동률,목표,0.6673,,,,,,
858,EMS,202503,PKG,IC,FCB,No Wip,목표,0.1606,,,,,,
859,EMS,202503,PKG,IC,FCB,Linearity,목표,0.9500,,,,,,
860,EMS,202503,PKG,IC,FCB,Loss,목표,0.3327 ,,,,,,
861,EMS,202503,PKG,IC,W/B,투자가동률,목표,0.4076,,,,,,
862,EMS,202503,PKG,IC,W/B,No Wip,목표,0.0574,,,,,,
863,EMS,202503,PKG,IC,W/B,Linearity,목표,0.9500,,,,,,
864,EMS,202503,PKG,IC,W/B,Loss,목표,0.5924 ,,,,,,
865,EMS,202503,PKG,IC,M/D,투자가동률,목표,0.2032,,,,,,
866,EMS,202503,PKG,IC,M/D,No Wip,목표,0.1264,,,,,,
867,EMS,202503,PKG,IC,M/D,Linearity,목표,0.9500,,,,,,
868,EMS,202503,PKG,IC,M/D,Loss,목표,0.7968 ,,,,,,
869,EMS,202503,PKG,IC,M/K,투자가동률,목표,0.4151,,,,,,
870,EMS,202503,PKG,IC,M/K,No Wip,목표,0.0122,,,,,,
871,EMS,202503,PKG,IC,M/K,Linearity,목표,0.9500,,,,,,
872,EMS,202503,PKG,IC,M/K,Loss,목표,0.5849 ,,,,,,
873,EMS,202503,PKG,IC,SBM,투자가동률,목표,0.4361,,,,,,
874,EMS,202503,PKG,IC,SBM,No Wip,목표,0.1075,,,,,,
875,EMS,202503,PKG,IC,SBM,Linearity,목표,0.9500,,,,,,
876,EMS,202503,PKG,IC,SBM,Loss,목표,0.5639 ,,,,,,
877,EMS,202503,PKG,IC,S/G,투자가동률,목표,0.6167,,,,,,
878,EMS,202503,PKG,IC,S/G,No Wip,목표,0.0035,,,,,,
879,EMS,202503,PKG,IC,S/G,Linearity,목표,0.9500,,,,,,
880,EMS,202503,PKG,IC,S/G,Loss,목표,0.3833 ,,,,,,
881,RPT,202503,PKG,IC,B/G,투자가동률,목표,0.5437,,,,,,
882,RPT,202503,PKG,IC,B/G,No Wip,목표,0.0769,,,,,,
883,RPT,202503,PKG,IC,B/G,Linearity,목표,0.9500,,,,,,
884,RPT,202503,PKG,IC,B/G,Loss,목표,0.4563 ,,,,,,
885,RPT,202503,PKG,IC,WSD,투자가동률,목표,0.4790,,,,,,
886,RPT,202503,PKG,IC,WSD,No Wip,목표,0.3379,,,,,,
887,RPT,202503,PKG,IC,WSD,Linearity,목표,0.9500,,,,,,
888,RPT,202503,PKG,IC,WSD,Loss,목표,0.5210 ,,,,,,
889,RPT,202503,PKG,IC,W/S,투자가동률,목표,0.7494,,,,,,
890,RPT,202503,PKG,IC,W/S,No Wip,목표,0.4130,,,,,,
891,RPT,202503,PKG,IC,W/S,Linearity,목표,0.9500,,,,,,
892,RPT,202503,PKG,IC,W/S,Loss,목표,0.2506 ,,,,,,
893,RPT,202503,PKG,IC,D/A,투자가동률,목표,0.8546,,,,,,
894,RPT,202503,PKG,IC,D/A,No Wip,목표,0.7876,,,,,,
895,RPT,202503,PKG,IC,D/A,Linearity,목표,0.9500,,,,,,
896,RPT,202503,PKG,IC,D/A,Loss,목표,0.1454 ,,,,,,
897,RPT,202503,PKG,IC,FCB,투자가동률,목표,0.8985,,,,,,
898,RPT,202503,PKG,IC,FCB,No Wip,목표,0.2158,,,,,,
899,RPT,202503,PKG,IC,FCB,Linearity,목표,0.9500,,,,,,
900,RPT,202503,PKG,IC,FCB,Loss,목표,0.1015 ,,,,,,
901,RPT,202503,PKG,IC,W/B,투자가동률,목표,0.2234,,,,,,
902,RPT,202503,PKG,IC,W/B,No Wip,목표,0.1618,,,,,,
903,RPT,202503,PKG,IC,W/B,Linearity,목표,0.9500,,,,,,
904,RPT,202503,PKG,IC,W/B,Loss,목표,0.7766 ,,,,,,
905,RPT,202503,PKG,IC,M/D,투자가동률,목표,0.4491,,,,,,
906,RPT,202503,PKG,IC,M/D,No Wip,목표,0.1897,,,,,,
907,RPT,202503,PKG,IC,M/D,Linearity,목표,0.9500,,,,,,
908,RPT,202503,PKG,IC,M/D,Loss,목표,0.5509 ,,,,,,
909,RPT,202503,PKG,IC,M/K,투자가동률,목표,0.8502,,,,,,
910,RPT,202503,PKG,IC,M/K,No Wip,목표,0.8047,,,,,,
911,RPT,202503,PKG,IC,M/K,Linearity,목표,0.9500,,,,,,
912,RPT,202503,PKG,IC,M/K,Loss,목표,0.1498 ,,,,,,
913,RPT,202503,PKG,IC,SBM,투자가동률,목표,0.9563,,,,,,
914,RPT,202503,PKG,IC,SBM,No Wip,목표,0.9163,,,,,,
915,RPT,202503,PKG,IC,SBM,Linearity,목표,0.9500,,,,,,
916,RPT,202503,PKG,IC,SBM,Loss,목표,0.0437 ,,,,,,
917,RPT,202503,PKG,IC,S/G,투자가동률,목표,0.2371,,,,,,
918,RPT,202503,PKG,IC,S/G,No Wip,목표,0.0626,,,,,,
919,RPT,202503,PKG,IC,S/G,Linearity,목표,0.9500,,,,,,
920,RPT,202503,PKG,IC,S/G,Loss,목표,0.7629 ,,,,,,
921,CIM,202503,PKG,IC,B/G,투자가동률,목표,0.2146,,,,,,
922,CIM,202503,PKG,IC,B/G,No Wip,목표,0.1517,,,,,,
923,CIM,202503,PKG,IC,B/G,Linearity,목표,0.9500,,,,,,
924,CIM,202503,PKG,IC,B/G,Loss,목표,0.7854 ,,,,,,
925,CIM,202503,PKG,IC,WSD,투자가동률,목표,0.9066,,,,,,
926,CIM,202503,PKG,IC,WSD,No Wip,목표,0.5806,,,,,,
927,CIM,202503,PKG,IC,WSD,Linearity,목표,0.9500,,,,,,
928,CIM,202503,PKG,IC,WSD,Loss,목표,0.0934 ,,,,,,
929,CIM,202503,PKG,IC,W/S,투자가동률,목표,0.7892,,,,,,
930,CIM,202503,PKG,IC,W/S,No Wip,목표,0.0219,,,,,,
931,CIM,202503,PKG,IC,W/S,Linearity,목표,0.9500,,,,,,
932,CIM,202503,PKG,IC,W/S,Loss,목표,0.2108 ,,,,,,
933,CIM,202503,PKG,IC,D/A,투자가동률,목표,0.9243,,,,,,
934,CIM,202503,PKG,IC,D/A,No Wip,목표,0.8914,,,,,,
935,CIM,202503,PKG,IC,D/A,Linearity,목표,0.9500,,,,,,
936,CIM,202503,PKG,IC,D/A,Loss,목표,0.0757 ,,,,,,
937,CIM,202503,PKG,IC,FCB,투자가동률,목표,0.9486,,,,,,
938,CIM,202503,PKG,IC,FCB,No Wip,목표,0.7884,,,,,,
939,CIM,202503,PKG,IC,FCB,Linearity,목표,0.9500,,,,,,
940,CIM,202503,PKG,IC,FCB,Loss,목표,0.0514 ,,,,,,
941,CIM,202503,PKG,IC,W/B,투자가동률,목표,0.4816,,,,,,
942,CIM,202503,PKG,IC,W/B,No Wip,목표,0.3145,,,,,,
943,CIM,202503,PKG,IC,W/B,Linearity,목표,0.9500,,,,,,
944,CIM,202503,PKG,IC,W/B,Loss,목표,0.5184 ,,,,,,
945,CIM,202503,PKG,IC,M/D,투자가동률,목표,0.0572,,,,,,
946,CIM,202503,PKG,IC,M/D,No Wip,목표,0.0083,,,,,,
947,CIM,202503,PKG,IC,M/D,Linearity,목표,0.9500,,,,,,
948,CIM,202503,PKG,IC,M/D,Loss,목표,0.9428 ,,,,,,
949,CIM,202503,PKG,IC,M/K,투자가동률,목표,0.0756,,,,,,
950,CIM,202503,PKG,IC,M/K,No Wip,목표,0.0462,,,,,,
951,CIM,202503,PKG,IC,M/K,Linearity,목표,0.9500,,,,,,
952,CIM,202503,PKG,IC,M/K,Loss,목표,0.9244 ,,,,,,
953,CIM,202503,PKG,IC,SBM,투자가동률,목표,0.0687,,,,,,
954,CIM,202503,PKG,IC,SBM,No Wip,목표,0.0407,,,,,,
955,CIM,202503,PKG,IC,SBM,Linearity,목표,0.9500,,,,,,
956,CIM,202503,PKG,IC,SBM,Loss,목표,0.9313 ,,,,,,
957,CIM,202503,PKG,IC,S/G,투자가동률,목표,0.9050,,,,,,
958,CIM,202503,PKG,IC,S/G,No Wip,목표,0.4432,,,,,,
959,CIM,202503,PKG,IC,S/G,Linearity,목표,0.9500,,,,,,
960,CIM,202503,PKG,IC,S/G,Loss,목표,0.0950 ,,,,,,
961,GMS,202504,PKG,IC,B/G,투자가동률,실적,0.9917,,,,,,
962,GMS,202504,PKG,IC,B/G,No Wip,실적,0.1321,,,,,,
963,GMS,202504,PKG,IC,B/G,Linearity,실적,0.9500,,,,,,
964,GMS,202504,PKG,IC,B/G,Loss,실적,0.0083 ,,,,,,
965,GMS,202504,PKG,IC,WSD,투자가동률,실적,0.6603,,,,,,
966,GMS,202504,PKG,IC,WSD,No Wip,실적,0.1032,,,,,,
967,GMS,202504,PKG,IC,WSD,Linearity,실적,0.9500,,,,,,
968,GMS,202504,PKG,IC,WSD,Loss,실적,0.3397 ,,,,,,
969,GMS,202504,PKG,IC,W/S,투자가동률,실적,0.3739,,,,,,
970,GMS,202504,PKG,IC,W/S,No Wip,실적,0.3512,,,,,,
971,GMS,202504,PKG,IC,W/S,Linearity,실적,0.9500,,,,,,
972,GMS,202504,PKG,IC,W/S,Loss,실적,0.6261 ,,,,,,
973,GMS,202504,PKG,IC,D/A,투자가동률,실적,0.6176,,,,,,
974,GMS,202504,PKG,IC,D/A,No Wip,실적,0.1596,,,,,,
975,GMS,202504,PKG,IC,D/A,Linearity,실적,0.9500,,,,,,
976,GMS,202504,PKG,IC,D/A,Loss,실적,0.3824 ,,,,,,
977,GMS,202504,PKG,IC,FCB,투자가동률,실적,0.7312,,,,,,
978,GMS,202504,PKG,IC,FCB,No Wip,실적,0.0733,,,,,,
979,GMS,202504,PKG,IC,FCB,Linearity,실적,0.9500,,,,,,
980,GMS,202504,PKG,IC,FCB,Loss,실적,0.2688 ,,,,,,
981,GMS,202504,PKG,IC,W/B,투자가동률,실적,0.6001,,,,,,
982,GMS,202504,PKG,IC,W/B,No Wip,실적,0.2545,,,,,,
983,GMS,202504,PKG,IC,W/B,Linearity,실적,0.9500,,,,,,
984,GMS,202504,PKG,IC,W/B,Loss,실적,0.3999 ,,,,,,
985,GMS,202504,PKG,IC,M/D,투자가동률,실적,0.3119,,,,,,
986,GMS,202504,PKG,IC,M/D,No Wip,실적,0.1592,,,,,,
987,GMS,202504,PKG,IC,M/D,Linearity,실적,0.9500,,,,,,
988,GMS,202504,PKG,IC,M/D,Loss,실적,0.6881 ,,,,,,
989,GMS,202504,PKG,IC,M/K,투자가동률,실적,0.7475,,,,,,
990,GMS,202504,PKG,IC,M/K,No Wip,실적,0.0804,,,,,,
991,GMS,202504,PKG,IC,M/K,Linearity,실적,0.9500,,,,,,
992,GMS,202504,PKG,IC,M/K,Loss,실적,0.2525 ,,,,,,
993,GMS,202504,PKG,IC,SBM,투자가동률,실적,0.5553,,,,,,
994,GMS,202504,PKG,IC,SBM,No Wip,실적,0.5391,,,,,,
995,GMS,202504,PKG,IC,SBM,Linearity,실적,0.9500,,,,,,
996,GMS,202504,PKG,IC,SBM,Loss,실적,0.4447 ,,,,,,
997,GMS,202504,PKG,IC,S/G,투자가동률,실적,0.3662,,,,,,
998,GMS,202504,PKG,IC,S/G,No Wip,실적,0.3104,,,,,,
999,GMS,202504,PKG,IC,S/G,Linearity,실적,0.9500,,,,,,
1000,GMS,202504,PKG,IC,S/G,Loss,실적,0.6338 ,,,,,,
1001,EMS,202504,PKG,IC,B/G,투자가동률,실적,0.4421,,,,,,
1002,EMS,202504,PKG,IC,B/G,No Wip,실적,0.1101,,,,,,
1003,EMS,202504,PKG,IC,B/G,Linearity,실적,0.9500,,,,,,
1004,EMS,202504,PKG,IC,B/G,Loss,실적,0.5579 ,,,,,,
1005,EMS,202504,PKG,IC,WSD,투자가동률,실적,0.3126,,,,,,
1006,EMS,202504,PKG,IC,WSD,No Wip,실적,0.1656,,,,,,
1007,EMS,202504,PKG,IC,WSD,Linearity,실적,0.9500,,,,,,
1008,EMS,202504,PKG,IC,WSD,Loss,실적,0.6874 ,,,,,,
1009,EMS,202504,PKG,IC,W/S,투자가동률,실적,0.2035,,,,,,
1010,EMS,202504,PKG,IC,W/S,No Wip,실적,0.0388,,,,,,
1011,EMS,202504,PKG,IC,W/S,Linearity,실적,0.9500,,,,,,
1012,EMS,202504,PKG,IC,W/S,Loss,실적,0.7965 ,,,,,,
1013,EMS,202504,PKG,IC,D/A,투자가동률,실적,0.8099,,,,,,
1014,EMS,202504,PKG,IC,D/A,No Wip,실적,0.7516,,,,,,
1015,EMS,202504,PKG,IC,D/A,Linearity,실적,0.9500,,,,,,
1016,EMS,202504,PKG,IC,D/A,Loss,실적,0.1901 ,,,,,,
1017,EMS,202504,PKG,IC,FCB,투자가동률,실적,0.4176,,,,,,
1018,EMS,202504,PKG,IC,FCB,No Wip,실적,0.3632,,,,,,
1019,EMS,202504,PKG,IC,FCB,Linearity,실적,0.9500,,,,,,
1020,EMS,202504,PKG,IC,FCB,Loss,실적,0.5824 ,,,,,,
1021,EMS,202504,PKG,IC,W/B,투자가동률,실적,0.6001,,,,,,
1022,EMS,202504,PKG,IC,W/B,No Wip,실적,0.1687,,,,,,
1023,EMS,202504,PKG,IC,W/B,Linearity,실적,0.9500,,,,,,
1024,EMS,202504,PKG,IC,W/B,Loss,실적,0.3999 ,,,,,,
1025,EMS,202504,PKG,IC,M/D,투자가동률,실적,0.2758,,,,,,
1026,EMS,202504,PKG,IC,M/D,No Wip,실적,0.1104,,,,,,
1027,EMS,202504,PKG,IC,M/D,Linearity,실적,0.9500,,,,,,
1028,EMS,202504,PKG,IC,M/D,Loss,실적,0.7242 ,,,,,,
1029,EMS,202504,PKG,IC,M/K,투자가동률,실적,0.1355,,,,,,
1030,EMS,202504,PKG,IC,M/K,No Wip,실적,0.0100,,,,,,
1031,EMS,202504,PKG,IC,M/K,Linearity,실적,0.9500,,,,,,
1032,EMS,202504,PKG,IC,M/K,Loss,실적,0.8645 ,,,,,,
1033,EMS,202504,PKG,IC,SBM,투자가동률,실적,0.4485,,,,,,
1034,EMS,202504,PKG,IC,SBM,No Wip,실적,0.2528,,,,,,
1035,EMS,202504,PKG,IC,SBM,Linearity,실적,0.9500,,,,,,
1036,EMS,202504,PKG,IC,SBM,Loss,실적,0.5515 ,,,,,,
1037,EMS,202504,PKG,IC,S/G,투자가동률,실적,0.5804,,,,,,
1038,EMS,202504,PKG,IC,S/G,No Wip,실적,0.0663,,,,,,
1039,EMS,202504,PKG,IC,S/G,Linearity,실적,0.9500,,,,,,
1040,EMS,202504,PKG,IC,S/G,Loss,실적,0.4196 ,,,,,,
1041,RPT,202504,PKG,IC,B/G,투자가동률,실적,0.7419,,,,,,
1042,RPT,202504,PKG,IC,B/G,No Wip,실적,0.2219,,,,,,
1043,RPT,202504,PKG,IC,B/G,Linearity,실적,0.9500,,,,,,
1044,RPT,202504,PKG,IC,B/G,Loss,실적,0.2581 ,,,,,,
1045,RPT,202504,PKG,IC,WSD,투자가동률,실적,0.0041,,,,,,
1046,RPT,202504,PKG,IC,WSD,No Wip,실적,0.0003,,,,,,
1047,RPT,202504,PKG,IC,WSD,Linearity,실적,0.9500,,,,,,
1048,RPT,202504,PKG,IC,WSD,Loss,실적,0.9959 ,,,,,,
1049,RPT,202504,PKG,IC,W/S,투자가동률,실적,0.0022,,,,,,
1050,RPT,202504,PKG,IC,W/S,No Wip,실적,0.0002,,,,,,
1051,RPT,202504,PKG,IC,W/S,Linearity,실적,0.9500,,,,,,
1052,RPT,202504,PKG,IC,W/S,Loss,실적,0.9978 ,,,,,,
1053,RPT,202504,PKG,IC,D/A,투자가동률,실적,0.7411,,,,,,
1054,RPT,202504,PKG,IC,D/A,No Wip,실적,0.6930,,,,,,
1055,RPT,202504,PKG,IC,D/A,Linearity,실적,0.9500,,,,,,
1056,RPT,202504,PKG,IC,D/A,Loss,실적,0.2589 ,,,,,,
1057,RPT,202504,PKG,IC,FCB,투자가동률,실적,0.8366,,,,,,
1058,RPT,202504,PKG,IC,FCB,No Wip,실적,0.8202,,,,,,
1059,RPT,202504,PKG,IC,FCB,Linearity,실적,0.9500,,,,,,
1060,RPT,202504,PKG,IC,FCB,Loss,실적,0.1634 ,,,,,,
1061,RPT,202504,PKG,IC,W/B,투자가동률,실적,0.5860,,,,,,
1062,RPT,202504,PKG,IC,W/B,No Wip,실적,0.3411,,,,,,
1063,RPT,202504,PKG,IC,W/B,Linearity,실적,0.9500,,,,,,
1064,RPT,202504,PKG,IC,W/B,Loss,실적,0.4140 ,,,,,,
1065,RPT,202504,PKG,IC,M/D,투자가동률,실적,0.1633,,,,,,
1066,RPT,202504,PKG,IC,M/D,No Wip,실적,0.1535,,,,,,
1067,RPT,202504,PKG,IC,M/D,Linearity,실적,0.9500,,,,,,
1068,RPT,202504,PKG,IC,M/D,Loss,실적,0.8367 ,,,,,,
1069,RPT,202504,PKG,IC,M/K,투자가동률,실적,0.8929,,,,,,
1070,RPT,202504,PKG,IC,M/K,No Wip,실적,0.0251,,,,,,
1071,RPT,202504,PKG,IC,M/K,Linearity,실적,0.9500,,,,,,
1072,RPT,202504,PKG,IC,M/K,Loss,실적,0.1071 ,,,,,,
1073,RPT,202504,PKG,IC,SBM,투자가동률,실적,0.2130,,,,,,
1074,RPT,202504,PKG,IC,SBM,No Wip,실적,0.0175,,,,,,
1075,RPT,202504,PKG,IC,SBM,Linearity,실적,0.9500,,,,,,
1076,RPT,202504,PKG,IC,SBM,Loss,실적,0.7870 ,,,,,,
1077,RPT,202504,PKG,IC,S/G,투자가동률,실적,0.5921,,,,,,
1078,RPT,202504,PKG,IC,S/G,No Wip,실적,0.3552,,,,,,
1079,RPT,202504,PKG,IC,S/G,Linearity,실적,0.9500,,,,,,
1080,RPT,202504,PKG,IC,S/G,Loss,실적,0.4079 ,,,,,,
1081,CIM,202504,PKG,IC,B/G,투자가동률,실적,0.1887,,,,,,
1082,CIM,202504,PKG,IC,B/G,No Wip,실적,0.0886,,,,,,
1083,CIM,202504,PKG,IC,B/G,Linearity,실적,0.9500,,,,,,
1084,CIM,202504,PKG,IC,B/G,Loss,실적,0.8113 ,,,,,,
1085,CIM,202504,PKG,IC,WSD,투자가동률,실적,0.3309,,,,,,
1086,CIM,202504,PKG,IC,WSD,No Wip,실적,0.1909,,,,,,
1087,CIM,202504,PKG,IC,WSD,Linearity,실적,0.9500,,,,,,
1088,CIM,202504,PKG,IC,WSD,Loss,실적,0.6691 ,,,,,,
1089,CIM,202504,PKG,IC,W/S,투자가동률,실적,0.1996,,,,,,
1090,CIM,202504,PKG,IC,W/S,No Wip,실적,0.1954,,,,,,
1091,CIM,202504,PKG,IC,W/S,Linearity,실적,0.9500,,,,,,
1092,CIM,202504,PKG,IC,W/S,Loss,실적,0.8004 ,,,,,,
1093,CIM,202504,PKG,IC,D/A,투자가동률,실적,0.1647,,,,,,
1094,CIM,202504,PKG,IC,D/A,No Wip,실적,0.0933,,,,,,
1095,CIM,202504,PKG,IC,D/A,Linearity,실적,0.9500,,,,,,
1096,CIM,202504,PKG,IC,D/A,Loss,실적,0.8353 ,,,,,,
1097,CIM,202504,PKG,IC,FCB,투자가동률,실적,0.8069,,,,,,
1098,CIM,202504,PKG,IC,FCB,No Wip,실적,0.3519,,,,,,
1099,CIM,202504,PKG,IC,FCB,Linearity,실적,0.9500,,,,,,
1100,CIM,202504,PKG,IC,FCB,Loss,실적,0.1931 ,,,,,,
1101,CIM,202504,PKG,IC,W/B,투자가동률,실적,0.3945,,,,,,
1102,CIM,202504,PKG,IC,W/B,No Wip,실적,0.0391,,,,,,
1103,CIM,202504,PKG,IC,W/B,Linearity,실적,0.9500,,,,,,
1104,CIM,202504,PKG,IC,W/B,Loss,실적,0.6055 ,,,,,,
1105,CIM,202504,PKG,IC,M/D,투자가동률,실적,0.3380,,,,,,
1106,CIM,202504,PKG,IC,M/D,No Wip,실적,0.1642,,,,,,
1107,CIM,202504,PKG,IC,M/D,Linearity,실적,0.9500,,,,,,
1108,CIM,202504,PKG,IC,M/D,Loss,실적,0.6620 ,,,,,,
1109,CIM,202504,PKG,IC,M/K,투자가동률,실적,0.6544,,,,,,
1110,CIM,202504,PKG,IC,M/K,No Wip,실적,0.6328,,,,,,
1111,CIM,202504,PKG,IC,M/K,Linearity,실적,0.9500,,,,,,
1112,CIM,202504,PKG,IC,M/K,Loss,실적,0.3456 ,,,,,,
1113,CIM,202504,PKG,IC,SBM,투자가동률,실적,0.1763,,,,,,
1114,CIM,202504,PKG,IC,SBM,No Wip,실적,0.0414,,,,,,
1115,CIM,202504,PKG,IC,SBM,Linearity,실적,0.9500,,,,,,
1116,CIM,202504,PKG,IC,SBM,Loss,실적,0.8237 ,,,,,,
1117,CIM,202504,PKG,IC,S/G,투자가동률,실적,0.3281,,,,,,
1118,CIM,202504,PKG,IC,S/G,No Wip,실적,0.0470,,,,,,
1119,CIM,202504,PKG,IC,S/G,Linearity,실적,0.9500,,,,,,
1120,CIM,202504,PKG,IC,S/G,Loss,실적,0.6719 ,,,,,,
1121,GMS,202504,PKG,IC,B/G,투자가동률,목표,0.8999,,,,,,
1122,GMS,202504,PKG,IC,B/G,No Wip,목표,0.7338,,,,,,
1123,GMS,202504,PKG,IC,B/G,Linearity,목표,0.9500,,,,,,
1124,GMS,202504,PKG,IC,B/G,Loss,목표,0.1001 ,,,,,,
1125,GMS,202504,PKG,IC,WSD,투자가동률,목표,0.8536,,,,,,
1126,GMS,202504,PKG,IC,WSD,No Wip,목표,0.0881,,,,,,
1127,GMS,202504,PKG,IC,WSD,Linearity,목표,0.9500,,,,,,
1128,GMS,202504,PKG,IC,WSD,Loss,목표,0.1464 ,,,,,,
1129,GMS,202504,PKG,IC,W/S,투자가동률,목표,0.5603,,,,,,
1130,GMS,202504,PKG,IC,W/S,No Wip,목표,0.4253,,,,,,
1131,GMS,202504,PKG,IC,W/S,Linearity,목표,0.9500,,,,,,
1132,GMS,202504,PKG,IC,W/S,Loss,목표,0.4397 ,,,,,,
1133,GMS,202504,PKG,IC,D/A,투자가동률,목표,0.5821,,,,,,
1134,GMS,202504,PKG,IC,D/A,No Wip,목표,0.2805,,,,,,
1135,GMS,202504,PKG,IC,D/A,Linearity,목표,0.9500,,,,,,
1136,GMS,202504,PKG,IC,D/A,Loss,목표,0.4179 ,,,,,,
1137,GMS,202504,PKG,IC,FCB,투자가동률,목표,0.5381,,,,,,
1138,GMS,202504,PKG,IC,FCB,No Wip,목표,0.0918,,,,,,
1139,GMS,202504,PKG,IC,FCB,Linearity,목표,0.9500,,,,,,
1140,GMS,202504,PKG,IC,FCB,Loss,목표,0.4619 ,,,,,,
1141,GMS,202504,PKG,IC,W/B,투자가동률,목표,0.4572,,,,,,
1142,GMS,202504,PKG,IC,W/B,No Wip,목표,0.3034,,,,,,
1143,GMS,202504,PKG,IC,W/B,Linearity,목표,0.9500,,,,,,
1144,GMS,202504,PKG,IC,W/B,Loss,목표,0.5428 ,,,,,,
1145,GMS,202504,PKG,IC,M/D,투자가동률,목표,0.2970,,,,,,
1146,GMS,202504,PKG,IC,M/D,No Wip,목표,0.2123,,,,,,
1147,GMS,202504,PKG,IC,M/D,Linearity,목표,0.9500,,,,,,
1148,GMS,202504,PKG,IC,M/D,Loss,목표,0.7030 ,,,,,,
1149,GMS,202504,PKG,IC,M/K,투자가동률,목표,0.1902,,,,,,
1150,GMS,202504,PKG,IC,M/K,No Wip,목표,0.0766,,,,,,
1151,GMS,202504,PKG,IC,M/K,Linearity,목표,0.9500,,,,,,
1152,GMS,202504,PKG,IC,M/K,Loss,목표,0.8098 ,,,,,,
1153,GMS,202504,PKG,IC,SBM,투자가동률,목표,0.6415,,,,,,
1154,GMS,202504,PKG,IC,SBM,No Wip,목표,0.0602,,,,,,
1155,GMS,202504,PKG,IC,SBM,Linearity,목표,0.9500,,,,,,
1156,GMS,202504,PKG,IC,SBM,Loss,목표,0.3585 ,,,,,,
1157,GMS,202504,PKG,IC,S/G,투자가동률,목표,0.9769,,,,,,
1158,GMS,202504,PKG,IC,S/G,No Wip,목표,0.1301,,,,,,
1159,GMS,202504,PKG,IC,S/G,Linearity,목표,0.9500,,,,,,
1160,GMS,202504,PKG,IC,S/G,Loss,목표,0.0231 ,,,,,,
1161,EMS,202504,PKG,IC,B/G,투자가동률,목표,0.9352,,,,,,
1162,EMS,202504,PKG,IC,B/G,No Wip,목표,0.0122,,,,,,
1163,EMS,202504,PKG,IC,B/G,Linearity,목표,0.9500,,,,,,
1164,EMS,202504,PKG,IC,B/G,Loss,목표,0.0648 ,,,,,,
1165,EMS,202504,PKG,IC,WSD,투자가동률,목표,0.1259,,,,,,
1166,EMS,202504,PKG,IC,WSD,No Wip,목표,0.1151,,,,,,
1167,EMS,202504,PKG,IC,WSD,Linearity,목표,0.9500,,,,,,
1168,EMS,202504,PKG,IC,WSD,Loss,목표,0.8741 ,,,,,,
1169,EMS,202504,PKG,IC,W/S,투자가동률,목표,0.2409,,,,,,
1170,EMS,202504,PKG,IC,W/S,No Wip,목표,0.0077,,,,,,
1171,EMS,202504,PKG,IC,W/S,Linearity,목표,0.9500,,,,,,
1172,EMS,202504,PKG,IC,W/S,Loss,목표,0.7591 ,,,,,,
1173,EMS,202504,PKG,IC,D/A,투자가동률,목표,0.7143,,,,,,
1174,EMS,202504,PKG,IC,D/A,No Wip,목표,0.3381,,,,,,
1175,EMS,202504,PKG,IC,D/A,Linearity,목표,0.9500,,,,,,
1176,EMS,202504,PKG,IC,D/A,Loss,목표,0.2857 ,,,,,,
1177,EMS,202504,PKG,IC,FCB,투자가동률,목표,0.7218,,,,,,
1178,EMS,202504,PKG,IC,FCB,No Wip,목표,0.5417,,,,,,
1179,EMS,202504,PKG,IC,FCB,Linearity,목표,0.9500,,,,,,
1180,EMS,202504,PKG,IC,FCB,Loss,목표,0.2782 ,,,,,,
1181,EMS,202504,PKG,IC,W/B,투자가동률,목표,0.7716,,,,,,
1182,EMS,202504,PKG,IC,W/B,No Wip,목표,0.2954,,,,,,
1183,EMS,202504,PKG,IC,W/B,Linearity,목표,0.9500,,,,,,
1184,EMS,202504,PKG,IC,W/B,Loss,목표,0.2284 ,,,,,,
1185,EMS,202504,PKG,IC,M/D,투자가동률,목표,0.5070,,,,,,
1186,EMS,202504,PKG,IC,M/D,No Wip,목표,0.0293,,,,,,
1187,EMS,202504,PKG,IC,M/D,Linearity,목표,0.9500,,,,,,
1188,EMS,202504,PKG,IC,M/D,Loss,목표,0.4930 ,,,,,,
1189,EMS,202504,PKG,IC,M/K,투자가동률,목표,0.9331,,,,,,
1190,EMS,202504,PKG,IC,M/K,No Wip,목표,0.1060,,,,,,
1191,EMS,202504,PKG,IC,M/K,Linearity,목표,0.9500,,,,,,
1192,EMS,202504,PKG,IC,M/K,Loss,목표,0.0669 ,,,,,,
1193,EMS,202504,PKG,IC,SBM,투자가동률,목표,0.2372,,,,,,
1194,EMS,202504,PKG,IC,SBM,No Wip,목표,0.0686,,,,,,
1195,EMS,202504,PKG,IC,SBM,Linearity,목표,0.9500,,,,,,
1196,EMS,202504,PKG,IC,SBM,Loss,목표,0.7628 ,,,,,,
1197,EMS,202504,PKG,IC,S/G,투자가동률,목표,0.8393,,,,,,
1198,EMS,202504,PKG,IC,S/G,No Wip,목표,0.7851,,,,,,
1199,EMS,202504,PKG,IC,S/G,Linearity,목표,0.9500,,,,,,
1200,EMS,202504,PKG,IC,S/G,Loss,목표,0.1607 ,,,,,,
1201,RPT,202504,PKG,IC,B/G,투자가동률,목표,0.6453,,,,,,
1202,RPT,202504,PKG,IC,B/G,No Wip,목표,0.4703,,,,,,
1203,RPT,202504,PKG,IC,B/G,Linearity,목표,0.9500,,,,,,
1204,RPT,202504,PKG,IC,B/G,Loss,목표,0.3547 ,,,,,,
1205,RPT,202504,PKG,IC,WSD,투자가동률,목표,0.4409,,,,,,
1206,RPT,202504,PKG,IC,WSD,No Wip,목표,0.2209,,,,,,
1207,RPT,202504,PKG,IC,WSD,Linearity,목표,0.9500,,,,,,
1208,RPT,202504,PKG,IC,WSD,Loss,목표,0.5591 ,,,,,,
1209,RPT,202504,PKG,IC,W/S,투자가동률,목표,0.2644,,,,,,
1210,RPT,202504,PKG,IC,W/S,No Wip,목표,0.0230,,,,,,
1211,RPT,202504,PKG,IC,W/S,Linearity,목표,0.9500,,,,,,
1212,RPT,202504,PKG,IC,W/S,Loss,목표,0.7356 ,,,,,,
1213,RPT,202504,PKG,IC,D/A,투자가동률,목표,0.1478,,,,,,
1214,RPT,202504,PKG,IC,D/A,No Wip,목표,0.0278,,,,,,
1215,RPT,202504,PKG,IC,D/A,Linearity,목표,0.9500,,,,,,
1216,RPT,202504,PKG,IC,D/A,Loss,목표,0.8522 ,,,,,,
1217,RPT,202504,PKG,IC,FCB,투자가동률,목표,0.6102,,,,,,
1218,RPT,202504,PKG,IC,FCB,No Wip,목표,0.0833,,,,,,
1219,RPT,202504,PKG,IC,FCB,Linearity,목표,0.9500,,,,,,
1220,RPT,202504,PKG,IC,FCB,Loss,목표,0.3898 ,,,,,,
1221,RPT,202504,PKG,IC,W/B,투자가동률,목표,0.5520,,,,,,
1222,RPT,202504,PKG,IC,W/B,No Wip,목표,0.0125,,,,,,
1223,RPT,202504,PKG,IC,W/B,Linearity,목표,0.9500,,,,,,
1224,RPT,202504,PKG,IC,W/B,Loss,목표,0.4480 ,,,,,,
1225,RPT,202504,PKG,IC,M/D,투자가동률,목표,0.7346,,,,,,
1226,RPT,202504,PKG,IC,M/D,No Wip,목표,0.0839,,,,,,
1227,RPT,202504,PKG,IC,M/D,Linearity,목표,0.9500,,,,,,
1228,RPT,202504,PKG,IC,M/D,Loss,목표,0.2654 ,,,,,,
1229,RPT,202504,PKG,IC,M/K,투자가동률,목표,0.9196,,,,,,
1230,RPT,202504,PKG,IC,M/K,No Wip,목표,0.7707,,,,,,
1231,RPT,202504,PKG,IC,M/K,Linearity,목표,0.9500,,,,,,
1232,RPT,202504,PKG,IC,M/K,Loss,목표,0.0804 ,,,,,,
1233,RPT,202504,PKG,IC,SBM,투자가동률,목표,0.6131,,,,,,
1234,RPT,202504,PKG,IC,SBM,No Wip,목표,0.2585,,,,,,
1235,RPT,202504,PKG,IC,SBM,Linearity,목표,0.9500,,,,,,
1236,RPT,202504,PKG,IC,SBM,Loss,목표,0.3869 ,,,,,,
1237,RPT,202504,PKG,IC,S/G,투자가동률,목표,0.6869,,,,,,
1238,RPT,202504,PKG,IC,S/G,No Wip,목표,0.6379,,,,,,
1239,RPT,202504,PKG,IC,S/G,Linearity,목표,0.9500,,,,,,
1240,RPT,202504,PKG,IC,S/G,Loss,목표,0.3131 ,,,,,,
1241,CIM,202504,PKG,IC,B/G,투자가동률,목표,0.1168,,,,,,
1242,CIM,202504,PKG,IC,B/G,No Wip,목표,0.0627,,,,,,
1243,CIM,202504,PKG,IC,B/G,Linearity,목표,0.9500,,,,,,
1244,CIM,202504,PKG,IC,B/G,Loss,목표,0.8832 ,,,,,,
1245,CIM,202504,PKG,IC,WSD,투자가동률,목표,0.2921,,,,,,
1246,CIM,202504,PKG,IC,WSD,No Wip,목표,0.2714,,,,,,
1247,CIM,202504,PKG,IC,WSD,Linearity,목표,0.9500,,,,,,
1248,CIM,202504,PKG,IC,WSD,Loss,목표,0.7079 ,,,,,,
1249,CIM,202504,PKG,IC,W/S,투자가동률,목표,0.6072,,,,,,
1250,CIM,202504,PKG,IC,W/S,No Wip,목표,0.1462,,,,,,
1251,CIM,202504,PKG,IC,W/S,Linearity,목표,0.9500,,,,,,
1252,CIM,202504,PKG,IC,W/S,Loss,목표,0.3928 ,,,,,,
1253,CIM,202504,PKG,IC,D/A,투자가동률,목표,0.7822,,,,,,
1254,CIM,202504,PKG,IC,D/A,No Wip,목표,0.6335,,,,,,
1255,CIM,202504,PKG,IC,D/A,Linearity,목표,0.9500,,,,,,
1256,CIM,202504,PKG,IC,D/A,Loss,목표,0.2178 ,,,,,,
1257,CIM,202504,PKG,IC,FCB,투자가동률,목표,0.0901,,,,,,
1258,CIM,202504,PKG,IC,FCB,No Wip,목표,0.0549,,,,,,
1259,CIM,202504,PKG,IC,FCB,Linearity,목표,0.9500,,,,,,
1260,CIM,202504,PKG,IC,FCB,Loss,목표,0.9099 ,,,,,,
1261,CIM,202504,PKG,IC,W/B,투자가동률,목표,0.5666,,,,,,
1262,CIM,202504,PKG,IC,W/B,No Wip,목표,0.5322,,,,,,
1263,CIM,202504,PKG,IC,W/B,Linearity,목표,0.9500,,,,,,
1264,CIM,202504,PKG,IC,W/B,Loss,목표,0.4334 ,,,,,,
1265,CIM,202504,PKG,IC,M/D,투자가동률,목표,0.0749,,,,,,
1266,CIM,202504,PKG,IC,M/D,No Wip,목표,0.0052,,,,,,
1267,CIM,202504,PKG,IC,M/D,Linearity,목표,0.9500,,,,,,
1268,CIM,202504,PKG,IC,M/D,Loss,목표,0.9251 ,,,,,,
1269,CIM,202504,PKG,IC,M/K,투자가동률,목표,0.9154,,,,,,
1270,CIM,202504,PKG,IC,M/K,No Wip,목표,0.3460,,,,,,
1271,CIM,202504,PKG,IC,M/K,Linearity,목표,0.9500,,,,,,
1272,CIM,202504,PKG,IC,M/K,Loss,목표,0.0846 ,,,,,,
1273,CIM,202504,PKG,IC,SBM,투자가동률,목표,0.4975,,,,,,
1274,CIM,202504,PKG,IC,SBM,No Wip,목표,0.4416,,,,,,
1275,CIM,202504,PKG,IC,SBM,Linearity,목표,0.9500,,,,,,
1276,CIM,202504,PKG,IC,SBM,Loss,목표,0.5025 ,,,,,,
1277,CIM,202504,PKG,IC,S/G,투자가동률,목표,0.9859,,,,,,
1278,CIM,202504,PKG,IC,S/G,No Wip,목표,0.8983,,,,,,
1279,CIM,202504,PKG,IC,S/G,Linearity,목표,0.9500,,,,,,
1280,CIM,202504,PKG,IC,S/G,Loss,목표,0.0141 ,,,,,,
1281,GMS,202505,PKG,IC,B/G,투자가동률,실적,0.6332,,,,,,
1282,GMS,202505,PKG,IC,B/G,No Wip,실적,0.6178,,,,,,
1283,GMS,202505,PKG,IC,B/G,Linearity,실적,0.9500,,,,,,
1284,GMS,202505,PKG,IC,B/G,Loss,실적,0.3668 ,,,,,,
1285,GMS,202505,PKG,IC,WSD,투자가동률,실적,0.5349,,,,,,
1286,GMS,202505,PKG,IC,WSD,No Wip,실적,0.2741,,,,,,
1287,GMS,202505,PKG,IC,WSD,Linearity,실적,0.9500,,,,,,
1288,GMS,202505,PKG,IC,WSD,Loss,실적,0.4651 ,,,,,,
1289,GMS,202505,PKG,IC,W/S,투자가동률,실적,0.7893,,,,,,
1290,GMS,202505,PKG,IC,W/S,No Wip,실적,0.3055,,,,,,
1291,GMS,202505,PKG,IC,W/S,Linearity,실적,0.9500,,,,,,
1292,GMS,202505,PKG,IC,W/S,Loss,실적,0.2107 ,,,,,,
1293,GMS,202505,PKG,IC,D/A,투자가동률,실적,0.9510,,,,,,
1294,GMS,202505,PKG,IC,D/A,No Wip,실적,0.6470,,,,,,
1295,GMS,202505,PKG,IC,D/A,Linearity,실적,0.9500,,,,,,
1296,GMS,202505,PKG,IC,D/A,Loss,실적,0.0490 ,,,,,,
1297,GMS,202505,PKG,IC,FCB,투자가동률,실적,0.4966,,,,,,
1298,GMS,202505,PKG,IC,FCB,No Wip,실적,0.0188,,,,,,
1299,GMS,202505,PKG,IC,FCB,Linearity,실적,0.9500,,,,,,
1300,GMS,202505,PKG,IC,FCB,Loss,실적,0.5034 ,,,,,,
1301,GMS,202505,PKG,IC,W/B,투자가동률,실적,0.7465,,,,,,
1302,GMS,202505,PKG,IC,W/B,No Wip,실적,0.6495,,,,,,
1303,GMS,202505,PKG,IC,W/B,Linearity,실적,0.9500,,,,,,
1304,GMS,202505,PKG,IC,W/B,Loss,실적,0.2535 ,,,,,,
1305,GMS,202505,PKG,IC,M/D,투자가동률,실적,0.4489,,,,,,
1306,GMS,202505,PKG,IC,M/D,No Wip,실적,0.3868,,,,,,
1307,GMS,202505,PKG,IC,M/D,Linearity,실적,0.9500,,,,,,
1308,GMS,202505,PKG,IC,M/D,Loss,실적,0.5511 ,,,,,,
1309,GMS,202505,PKG,IC,M/K,투자가동률,실적,0.0417,,,,,,
1310,GMS,202505,PKG,IC,M/K,No Wip,실적,0.0386,,,,,,
1311,GMS,202505,PKG,IC,M/K,Linearity,실적,0.9500,,,,,,
1312,GMS,202505,PKG,IC,M/K,Loss,실적,0.9583 ,,,,,,
1313,GMS,202505,PKG,IC,SBM,투자가동률,실적,0.1875,,,,,,
1314,GMS,202505,PKG,IC,SBM,No Wip,실적,0.0193,,,,,,
1315,GMS,202505,PKG,IC,SBM,Linearity,실적,0.9500,,,,,,
1316,GMS,202505,PKG,IC,SBM,Loss,실적,0.8125 ,,,,,,
1317,GMS,202505,PKG,IC,S/G,투자가동률,실적,0.0372,,,,,,
1318,GMS,202505,PKG,IC,S/G,No Wip,실적,0.0245,,,,,,
1319,GMS,202505,PKG,IC,S/G,Linearity,실적,0.9500,,,,,,
1320,GMS,202505,PKG,IC,S/G,Loss,실적,0.9628 ,,,,,,
1321,EMS,202505,PKG,IC,B/G,투자가동률,실적,0.2468,,,,,,
1322,EMS,202505,PKG,IC,B/G,No Wip,실적,0.2190,,,,,,
1323,EMS,202505,PKG,IC,B/G,Linearity,실적,0.9500,,,,,,
1324,EMS,202505,PKG,IC,B/G,Loss,실적,0.7532 ,,,,,,
1325,EMS,202505,PKG,IC,WSD,투자가동률,실적,0.8346,,,,,,
1326,EMS,202505,PKG,IC,WSD,No Wip,실적,0.6168,,,,,,
1327,EMS,202505,PKG,IC,WSD,Linearity,실적,0.9500,,,,,,
1328,EMS,202505,PKG,IC,WSD,Loss,실적,0.1654 ,,,,,,
1329,EMS,202505,PKG,IC,W/S,투자가동률,실적,0.6091,,,,,,
1330,EMS,202505,PKG,IC,W/S,No Wip,실적,0.6025,,,,,,
1331,EMS,202505,PKG,IC,W/S,Linearity,실적,0.9500,,,,,,
1332,EMS,202505,PKG,IC,W/S,Loss,실적,0.3909 ,,,,,,
1333,EMS,202505,PKG,IC,D/A,투자가동률,실적,0.4103,,,,,,
1334,EMS,202505,PKG,IC,D/A,No Wip,실적,0.3268,,,,,,
1335,EMS,202505,PKG,IC,D/A,Linearity,실적,0.9500,,,,,,
1336,EMS,202505,PKG,IC,D/A,Loss,실적,0.5897 ,,,,,,
1337,EMS,202505,PKG,IC,FCB,투자가동률,실적,0.0312,,,,,,
1338,EMS,202505,PKG,IC,FCB,No Wip,실적,0.0124,,,,,,
1339,EMS,202505,PKG,IC,FCB,Linearity,실적,0.9500,,,,,,
1340,EMS,202505,PKG,IC,FCB,Loss,실적,0.9688 ,,,,,,
1341,EMS,202505,PKG,IC,W/B,투자가동률,실적,0.1385,,,,,,
1342,EMS,202505,PKG,IC,W/B,No Wip,실적,0.0578,,,,,,
1343,EMS,202505,PKG,IC,W/B,Linearity,실적,0.9500,,,,,,
1344,EMS,202505,PKG,IC,W/B,Loss,실적,0.8615 ,,,,,,
1345,EMS,202505,PKG,IC,M/D,투자가동률,실적,0.1963,,,,,,
1346,EMS,202505,PKG,IC,M/D,No Wip,실적,0.1960,,,,,,
1347,EMS,202505,PKG,IC,M/D,Linearity,실적,0.9500,,,,,,
1348,EMS,202505,PKG,IC,M/D,Loss,실적,0.8037 ,,,,,,
1349,EMS,202505,PKG,IC,M/K,투자가동률,실적,0.0074,,,,,,
1350,EMS,202505,PKG,IC,M/K,No Wip,실적,0.0074,,,,,,
1351,EMS,202505,PKG,IC,M/K,Linearity,실적,0.9500,,,,,,
1352,EMS,202505,PKG,IC,M/K,Loss,실적,0.9926 ,,,,,,
1353,EMS,202505,PKG,IC,SBM,투자가동률,실적,0.1914,,,,,,
1354,EMS,202505,PKG,IC,SBM,No Wip,실적,0.0468,,,,,,
1355,EMS,202505,PKG,IC,SBM,Linearity,실적,0.9500,,,,,,
1356,EMS,202505,PKG,IC,SBM,Loss,실적,0.8086 ,,,,,,
1357,EMS,202505,PKG,IC,S/G,투자가동률,실적,0.6050,,,,,,
1358,EMS,202505,PKG,IC,S/G,No Wip,실적,0.1466,,,,,,
1359,EMS,202505,PKG,IC,S/G,Linearity,실적,0.9500,,,,,,
1360,EMS,202505,PKG,IC,S/G,Loss,실적,0.3950 ,,,,,,
1361,RPT,202505,PKG,IC,B/G,투자가동률,실적,0.0939,,,,,,
1362,RPT,202505,PKG,IC,B/G,No Wip,실적,0.0652,,,,,,
1363,RPT,202505,PKG,IC,B/G,Linearity,실적,0.9500,,,,,,
1364,RPT,202505,PKG,IC,B/G,Loss,실적,0.9061 ,,,,,,
1365,RPT,202505,PKG,IC,WSD,투자가동률,실적,0.2117,,,,,,
1366,RPT,202505,PKG,IC,WSD,No Wip,실적,0.0567,,,,,,
1367,RPT,202505,PKG,IC,WSD,Linearity,실적,0.9500,,,,,,
1368,RPT,202505,PKG,IC,WSD,Loss,실적,0.7883 ,,,,,,
1369,RPT,202505,PKG,IC,W/S,투자가동률,실적,0.6897,,,,,,
1370,RPT,202505,PKG,IC,W/S,No Wip,실적,0.1289,,,,,,
1371,RPT,202505,PKG,IC,W/S,Linearity,실적,0.9500,,,,,,
1372,RPT,202505,PKG,IC,W/S,Loss,실적,0.3103 ,,,,,,
1373,RPT,202505,PKG,IC,D/A,투자가동률,실적,0.8436,,,,,,
1374,RPT,202505,PKG,IC,D/A,No Wip,실적,0.4247,,,,,,
1375,RPT,202505,PKG,IC,D/A,Linearity,실적,0.9500,,,,,,
1376,RPT,202505,PKG,IC,D/A,Loss,실적,0.1564 ,,,,,,
1377,RPT,202505,PKG,IC,FCB,투자가동률,실적,0.3352,,,,,,
1378,RPT,202505,PKG,IC,FCB,No Wip,실적,0.2206,,,,,,
1379,RPT,202505,PKG,IC,FCB,Linearity,실적,0.9500,,,,,,
1380,RPT,202505,PKG,IC,FCB,Loss,실적,0.6648 ,,,,,,
1381,RPT,202505,PKG,IC,W/B,투자가동률,실적,0.5988,,,,,,
1382,RPT,202505,PKG,IC,W/B,No Wip,실적,0.3486,,,,,,
1383,RPT,202505,PKG,IC,W/B,Linearity,실적,0.9500,,,,,,
1384,RPT,202505,PKG,IC,W/B,Loss,실적,0.4012 ,,,,,,
1385,RPT,202505,PKG,IC,M/D,투자가동률,실적,0.2789,,,,,,
1386,RPT,202505,PKG,IC,M/D,No Wip,실적,0.0479,,,,,,
1387,RPT,202505,PKG,IC,M/D,Linearity,실적,0.9500,,,,,,
1388,RPT,202505,PKG,IC,M/D,Loss,실적,0.7211 ,,,,,,
1389,RPT,202505,PKG,IC,M/K,투자가동률,실적,0.2382,,,,,,
1390,RPT,202505,PKG,IC,M/K,No Wip,실적,0.1744,,,,,,
1391,RPT,202505,PKG,IC,M/K,Linearity,실적,0.9500,,,,,,
1392,RPT,202505,PKG,IC,M/K,Loss,실적,0.7618 ,,,,,,
1393,RPT,202505,PKG,IC,SBM,투자가동률,실적,0.8065,,,,,,
1394,RPT,202505,PKG,IC,SBM,No Wip,실적,0.4403,,,,,,
1395,RPT,202505,PKG,IC,SBM,Linearity,실적,0.9500,,,,,,
1396,RPT,202505,PKG,IC,SBM,Loss,실적,0.1935 ,,,,,,
1397,RPT,202505,PKG,IC,S/G,투자가동률,실적,0.2772,,,,,,
1398,RPT,202505,PKG,IC,S/G,No Wip,실적,0.2498,,,,,,
1399,RPT,202505,PKG,IC,S/G,Linearity,실적,0.9500,,,,,,
1400,RPT,202505,PKG,IC,S/G,Loss,실적,0.7228 ,,,,,,
1401,CIM,202505,PKG,IC,B/G,투자가동률,실적,0.5492,,,,,,
1402,CIM,202505,PKG,IC,B/G,No Wip,실적,0.3523,,,,,,
1403,CIM,202505,PKG,IC,B/G,Linearity,실적,0.9500,,,,,,
1404,CIM,202505,PKG,IC,B/G,Loss,실적,0.4508 ,,,,,,
1405,CIM,202505,PKG,IC,WSD,투자가동률,실적,0.8663,,,,,,
1406,CIM,202505,PKG,IC,WSD,No Wip,실적,0.5569,,,,,,
1407,CIM,202505,PKG,IC,WSD,Linearity,실적,0.9500,,,,,,
1408,CIM,202505,PKG,IC,WSD,Loss,실적,0.1337 ,,,,,,
1409,CIM,202505,PKG,IC,W/S,투자가동률,실적,0.5361,,,,,,
1410,CIM,202505,PKG,IC,W/S,No Wip,실적,0.4780,,,,,,
1411,CIM,202505,PKG,IC,W/S,Linearity,실적,0.9500,,,,,,
1412,CIM,202505,PKG,IC,W/S,Loss,실적,0.4639 ,,,,,,
1413,CIM,202505,PKG,IC,D/A,투자가동률,실적,0.3868,,,,,,
1414,CIM,202505,PKG,IC,D/A,No Wip,실적,0.1185,,,,,,
1415,CIM,202505,PKG,IC,D/A,Linearity,실적,0.9500,,,,,,
1416,CIM,202505,PKG,IC,D/A,Loss,실적,0.6132 ,,,,,,
1417,CIM,202505,PKG,IC,FCB,투자가동률,실적,0.4731,,,,,,
1418,CIM,202505,PKG,IC,FCB,No Wip,실적,0.2080,,,,,,
1419,CIM,202505,PKG,IC,FCB,Linearity,실적,0.9500,,,,,,
1420,CIM,202505,PKG,IC,FCB,Loss,실적,0.5269 ,,,,,,
1421,CIM,202505,PKG,IC,W/B,투자가동률,실적,0.4152,,,,,,
1422,CIM,202505,PKG,IC,W/B,No Wip,실적,0.3888,,,,,,
1423,CIM,202505,PKG,IC,W/B,Linearity,실적,0.9500,,,,,,
1424,CIM,202505,PKG,IC,W/B,Loss,실적,0.5848 ,,,,,,
1425,CIM,202505,PKG,IC,M/D,투자가동률,실적,0.2712,,,,,,
1426,CIM,202505,PKG,IC,M/D,No Wip,실적,0.0943,,,,,,
1427,CIM,202505,PKG,IC,M/D,Linearity,실적,0.9500,,,,,,
1428,CIM,202505,PKG,IC,M/D,Loss,실적,0.7288 ,,,,,,
1429,CIM,202505,PKG,IC,M/K,투자가동률,실적,0.3099,,,,,,
1430,CIM,202505,PKG,IC,M/K,No Wip,실적,0.2021,,,,,,
1431,CIM,202505,PKG,IC,M/K,Linearity,실적,0.9500,,,,,,
1432,CIM,202505,PKG,IC,M/K,Loss,실적,0.6901 ,,,,,,
1433,CIM,202505,PKG,IC,SBM,투자가동률,실적,0.2582,,,,,,
1434,CIM,202505,PKG,IC,SBM,No Wip,실적,0.1583,,,,,,
1435,CIM,202505,PKG,IC,SBM,Linearity,실적,0.9500,,,,,,
1436,CIM,202505,PKG,IC,SBM,Loss,실적,0.7418 ,,,,,,
1437,CIM,202505,PKG,IC,S/G,투자가동률,실적,0.4342,,,,,,
1438,CIM,202505,PKG,IC,S/G,No Wip,실적,0.0377,,,,,,
1439,CIM,202505,PKG,IC,S/G,Linearity,실적,0.9500,,,,,,
1440,CIM,202505,PKG,IC,S/G,Loss,실적,0.5658 ,,,,,,
1441,GMS,202505,PKG,IC,B/G,투자가동률,목표,0.2078,,,,,,
1442,GMS,202505,PKG,IC,B/G,No Wip,목표,0.0802,,,,,,
1443,GMS,202505,PKG,IC,B/G,Linearity,목표,0.9500,,,,,,
1444,GMS,202505,PKG,IC,B/G,Loss,목표,0.7922 ,,,,,,
1445,GMS,202505,PKG,IC,WSD,투자가동률,목표,0.0170,,,,,,
1446,GMS,202505,PKG,IC,WSD,No Wip,목표,0.0045,,,,,,
1447,GMS,202505,PKG,IC,WSD,Linearity,목표,0.9500,,,,,,
1448,GMS,202505,PKG,IC,WSD,Loss,목표,0.9830 ,,,,,,
1449,GMS,202505,PKG,IC,W/S,투자가동률,목표,0.5525,,,,,,
1450,GMS,202505,PKG,IC,W/S,No Wip,목표,0.1103,,,,,,
1451,GMS,202505,PKG,IC,W/S,Linearity,목표,0.9500,,,,,,
1452,GMS,202505,PKG,IC,W/S,Loss,목표,0.4475 ,,,,,,
1453,GMS,202505,PKG,IC,D/A,투자가동률,목표,0.8677,,,,,,
1454,GMS,202505,PKG,IC,D/A,No Wip,목표,0.7428,,,,,,
1455,GMS,202505,PKG,IC,D/A,Linearity,목표,0.9500,,,,,,
1456,GMS,202505,PKG,IC,D/A,Loss,목표,0.1323 ,,,,,,
1457,GMS,202505,PKG,IC,FCB,투자가동률,목표,0.2669,,,,,,
1458,GMS,202505,PKG,IC,FCB,No Wip,목표,0.1411,,,,,,
1459,GMS,202505,PKG,IC,FCB,Linearity,목표,0.9500,,,,,,
1460,GMS,202505,PKG,IC,FCB,Loss,목표,0.7331 ,,,,,,
1461,GMS,202505,PKG,IC,W/B,투자가동률,목표,0.1335,,,,,,
1462,GMS,202505,PKG,IC,W/B,No Wip,목표,0.0909,,,,,,
1463,GMS,202505,PKG,IC,W/B,Linearity,목표,0.9500,,,,,,
1464,GMS,202505,PKG,IC,W/B,Loss,목표,0.8665 ,,,,,,
1465,GMS,202505,PKG,IC,M/D,투자가동률,목표,0.9321,,,,,,
1466,GMS,202505,PKG,IC,M/D,No Wip,목표,0.1264,,,,,,
1467,GMS,202505,PKG,IC,M/D,Linearity,목표,0.9500,,,,,,
1468,GMS,202505,PKG,IC,M/D,Loss,목표,0.0679 ,,,,,,
1469,GMS,202505,PKG,IC,M/K,투자가동률,목표,0.3928,,,,,,
1470,GMS,202505,PKG,IC,M/K,No Wip,목표,0.3541,,,,,,
1471,GMS,202505,PKG,IC,M/K,Linearity,목표,0.9500,,,,,,
1472,GMS,202505,PKG,IC,M/K,Loss,목표,0.6072 ,,,,,,
1473,GMS,202505,PKG,IC,SBM,투자가동률,목표,0.0842,,,,,,
1474,GMS,202505,PKG,IC,SBM,No Wip,목표,0.0497,,,,,,
1475,GMS,202505,PKG,IC,SBM,Linearity,목표,0.9500,,,,,,
1476,GMS,202505,PKG,IC,SBM,Loss,목표,0.9158 ,,,,,,
1477,GMS,202505,PKG,IC,S/G,투자가동률,목표,0.7061,,,,,,
1478,GMS,202505,PKG,IC,S/G,No Wip,목표,0.0946,,,,,,
1479,GMS,202505,PKG,IC,S/G,Linearity,목표,0.9500,,,,,,
1480,GMS,202505,PKG,IC,S/G,Loss,목표,0.2939 ,,,,,,
1481,EMS,202505,PKG,IC,B/G,투자가동률,목표,0.0631,,,,,,
1482,EMS,202505,PKG,IC,B/G,No Wip,목표,0.0551,,,,,,
1483,EMS,202505,PKG,IC,B/G,Linearity,목표,0.9500,,,,,,
1484,EMS,202505,PKG,IC,B/G,Loss,목표,0.9369 ,,,,,,
1485,EMS,202505,PKG,IC,WSD,투자가동률,목표,0.2885,,,,,,
1486,EMS,202505,PKG,IC,WSD,No Wip,목표,0.0183,,,,,,
1487,EMS,202505,PKG,IC,WSD,Linearity,목표,0.9500,,,,,,
1488,EMS,202505,PKG,IC,WSD,Loss,목표,0.7115 ,,,,,,
1489,EMS,202505,PKG,IC,W/S,투자가동률,목표,0.0381,,,,,,
1490,EMS,202505,PKG,IC,W/S,No Wip,목표,0.0110,,,,,,
1491,EMS,202505,PKG,IC,W/S,Linearity,목표,0.9500,,,,,,
1492,EMS,202505,PKG,IC,W/S,Loss,목표,0.9619 ,,,,,,
1493,EMS,202505,PKG,IC,D/A,투자가동률,목표,0.3505,,,,,,
1494,EMS,202505,PKG,IC,D/A,No Wip,목표,0.0136,,,,,,
1495,EMS,202505,PKG,IC,D/A,Linearity,목표,0.9500,,,,,,
1496,EMS,202505,PKG,IC,D/A,Loss,목표,0.6495 ,,,,,,
1497,EMS,202505,PKG,IC,FCB,투자가동률,목표,0.3765,,,,,,
1498,EMS,202505,PKG,IC,FCB,No Wip,목표,0.2342,,,,,,
1499,EMS,202505,PKG,IC,FCB,Linearity,목표,0.9500,,,,,,
1500,EMS,202505,PKG,IC,FCB,Loss,목표,0.6235 ,,,,,,
1501,EMS,202505,PKG,IC,W/B,투자가동률,목표,0.0394,,,,,,
1502,EMS,202505,PKG,IC,W/B,No Wip,목표,0.0212,,,,,,
1503,EMS,202505,PKG,IC,W/B,Linearity,목표,0.9500,,,,,,
1504,EMS,202505,PKG,IC,W/B,Loss,목표,0.9606 ,,,,,,
1505,EMS,202505,PKG,IC,M/D,투자가동률,목표,0.9914,,,,,,
1506,EMS,202505,PKG,IC,M/D,No Wip,목표,0.3519,,,,,,
1507,EMS,202505,PKG,IC,M/D,Linearity,목표,0.9500,,,,,,
1508,EMS,202505,PKG,IC,M/D,Loss,목표,0.0086 ,,,,,,
1509,EMS,202505,PKG,IC,M/K,투자가동률,목표,0.3806,,,,,,
1510,EMS,202505,PKG,IC,M/K,No Wip,목표,0.2849,,,,,,
1511,EMS,202505,PKG,IC,M/K,Linearity,목표,0.9500,,,,,,
1512,EMS,202505,PKG,IC,M/K,Loss,목표,0.6194 ,,,,,,
1513,EMS,202505,PKG,IC,SBM,투자가동률,목표,0.0235,,,,,,
1514,EMS,202505,PKG,IC,SBM,No Wip,목표,0.0087,,,,,,
1515,EMS,202505,PKG,IC,SBM,Linearity,목표,0.9500,,,,,,
1516,EMS,202505,PKG,IC,SBM,Loss,목표,0.9765 ,,,,,,
1517,EMS,202505,PKG,IC,S/G,투자가동률,목표,0.3741,,,,,,
1518,EMS,202505,PKG,IC,S/G,No Wip,목표,0.3267,,,,,,
1519,EMS,202505,PKG,IC,S/G,Linearity,목표,0.9500,,,,,,
1520,EMS,202505,PKG,IC,S/G,Loss,목표,0.6259 ,,,,,,
1521,RPT,202505,PKG,IC,B/G,투자가동률,목표,0.5494,,,,,,
1522,RPT,202505,PKG,IC,B/G,No Wip,목표,0.1325,,,,,,
1523,RPT,202505,PKG,IC,B/G,Linearity,목표,0.9500,,,,,,
1524,RPT,202505,PKG,IC,B/G,Loss,목표,0.4506 ,,,,,,
1525,RPT,202505,PKG,IC,WSD,투자가동률,목표,0.3062,,,,,,
1526,RPT,202505,PKG,IC,WSD,No Wip,목표,0.0575,,,,,,
1527,RPT,202505,PKG,IC,WSD,Linearity,목표,0.9500,,,,,,
1528,RPT,202505,PKG,IC,WSD,Loss,목표,0.6938 ,,,,,,
1529,RPT,202505,PKG,IC,W/S,투자가동률,목표,0.9802,,,,,,
1530,RPT,202505,PKG,IC,W/S,No Wip,목표,0.8701,,,,,,
1531,RPT,202505,PKG,IC,W/S,Linearity,목표,0.9500,,,,,,
1532,RPT,202505,PKG,IC,W/S,Loss,목표,0.0198 ,,,,,,
1533,RPT,202505,PKG,IC,D/A,투자가동률,목표,0.8917,,,,,,
1534,RPT,202505,PKG,IC,D/A,No Wip,목표,0.3853,,,,,,
1535,RPT,202505,PKG,IC,D/A,Linearity,목표,0.9500,,,,,,
1536,RPT,202505,PKG,IC,D/A,Loss,목표,0.1083 ,,,,,,
1537,RPT,202505,PKG,IC,FCB,투자가동률,목표,0.7638,,,,,,
1538,RPT,202505,PKG,IC,FCB,No Wip,목표,0.0837,,,,,,
1539,RPT,202505,PKG,IC,FCB,Linearity,목표,0.9500,,,,,,
1540,RPT,202505,PKG,IC,FCB,Loss,목표,0.2362 ,,,,,,
1541,RPT,202505,PKG,IC,W/B,투자가동률,목표,0.6724,,,,,,
1542,RPT,202505,PKG,IC,W/B,No Wip,목표,0.2501,,,,,,
1543,RPT,202505,PKG,IC,W/B,Linearity,목표,0.9500,,,,,,
1544,RPT,202505,PKG,IC,W/B,Loss,목표,0.3276 ,,,,,,
1545,RPT,202505,PKG,IC,M/D,투자가동률,목표,0.1095,,,,,,
1546,RPT,202505,PKG,IC,M/D,No Wip,목표,0.0436,,,,,,
1547,RPT,202505,PKG,IC,M/D,Linearity,목표,0.9500,,,,,,
1548,RPT,202505,PKG,IC,M/D,Loss,목표,0.8905 ,,,,,,
1549,RPT,202505,PKG,IC,M/K,투자가동률,목표,0.4215,,,,,,
1550,RPT,202505,PKG,IC,M/K,No Wip,목표,0.4164,,,,,,
1551,RPT,202505,PKG,IC,M/K,Linearity,목표,0.9500,,,,,,
1552,RPT,202505,PKG,IC,M/K,Loss,목표,0.5785 ,,,,,,
1553,RPT,202505,PKG,IC,SBM,투자가동률,목표,0.3458,,,,,,
1554,RPT,202505,PKG,IC,SBM,No Wip,목표,0.0774,,,,,,
1555,RPT,202505,PKG,IC,SBM,Linearity,목표,0.9500,,,,,,
1556,RPT,202505,PKG,IC,SBM,Loss,목표,0.6542 ,,,,,,
1557,RPT,202505,PKG,IC,S/G,투자가동률,목표,0.9584,,,,,,
1558,RPT,202505,PKG,IC,S/G,No Wip,목표,0.6752,,,,,,
1559,RPT,202505,PKG,IC,S/G,Linearity,목표,0.9500,,,,,,
1560,RPT,202505,PKG,IC,S/G,Loss,목표,0.0416 ,,,,,,
1561,CIM,202505,PKG,IC,B/G,투자가동률,목표,0.5237,,,,,,
1562,CIM,202505,PKG,IC,B/G,No Wip,목표,0.4619,,,,,,
1563,CIM,202505,PKG,IC,B/G,Linearity,목표,0.9500,,,,,,
1564,CIM,202505,PKG,IC,B/G,Loss,목표,0.4763 ,,,,,,
1565,CIM,202505,PKG,IC,WSD,투자가동률,목표,0.7539,,,,,,
1566,CIM,202505,PKG,IC,WSD,No Wip,목표,0.0487,,,,,,
1567,CIM,202505,PKG,IC,WSD,Linearity,목표,0.9500,,,,,,
1568,CIM,202505,PKG,IC,WSD,Loss,목표,0.2461 ,,,,,,
1569,CIM,202505,PKG,IC,W/S,투자가동률,목표,0.3072,,,,,,
1570,CIM,202505,PKG,IC,W/S,No Wip,목표,0.1121,,,,,,
1571,CIM,202505,PKG,IC,W/S,Linearity,목표,0.9500,,,,,,
1572,CIM,202505,PKG,IC,W/S,Loss,목표,0.6928 ,,,,,,
1573,CIM,202505,PKG,IC,D/A,투자가동률,목표,0.1913,,,,,,
1574,CIM,202505,PKG,IC,D/A,No Wip,목표,0.1757,,,,,,
1575,CIM,202505,PKG,IC,D/A,Linearity,목표,0.9500,,,,,,
1576,CIM,202505,PKG,IC,D/A,Loss,목표,0.8087 ,,,,,,
1577,CIM,202505,PKG,IC,FCB,투자가동률,목표,0.5145,,,,,,
1578,CIM,202505,PKG,IC,FCB,No Wip,목표,0.5040,,,,,,
1579,CIM,202505,PKG,IC,FCB,Linearity,목표,0.9500,,,,,,
1580,CIM,202505,PKG,IC,FCB,Loss,목표,0.4855 ,,,,,,
1581,CIM,202505,PKG,IC,W/B,투자가동률,목표,0.6796,,,,,,
1582,CIM,202505,PKG,IC,W/B,No Wip,목표,0.5685,,,,,,
1583,CIM,202505,PKG,IC,W/B,Linearity,목표,0.9500,,,,,,
1584,CIM,202505,PKG,IC,W/B,Loss,목표,0.3204 ,,,,,,
1585,CIM,202505,PKG,IC,M/D,투자가동률,목표,0.6375,,,,,,
1586,CIM,202505,PKG,IC,M/D,No Wip,목표,0.3123,,,,,,
1587,CIM,202505,PKG,IC,M/D,Linearity,목표,0.9500,,,,,,
1588,CIM,202505,PKG,IC,M/D,Loss,목표,0.3625 ,,,,,,
1589,CIM,202505,PKG,IC,M/K,투자가동률,목표,0.4888,,,,,,
1590,CIM,202505,PKG,IC,M/K,No Wip,목표,0.3010,,,,,,
1591,CIM,202505,PKG,IC,M/K,Linearity,목표,0.9500,,,,,,
1592,CIM,202505,PKG,IC,M/K,Loss,목표,0.5112 ,,,,,,
1593,CIM,202505,PKG,IC,SBM,투자가동률,목표,0.9348,,,,,,
1594,CIM,202505,PKG,IC,SBM,No Wip,목표,0.0194,,,,,,
1595,CIM,202505,PKG,IC,SBM,Linearity,목표,0.9500,,,,,,
1596,CIM,202505,PKG,IC,SBM,Loss,목표,0.0652 ,,,,,,
1597,CIM,202505,PKG,IC,S/G,투자가동률,목표,0.0081,,,,,,
1598,CIM,202505,PKG,IC,S/G,No Wip,목표,0.0013,,,,,,
1599,CIM,202505,PKG,IC,S/G,Linearity,목표,0.9500,,,,,,
1600,CIM,202505,PKG,IC,S/G,Loss,목표,0.9919 ,,,,,,
1601,GMS,202506,PKG,IC,B/G,투자가동률,실적,0.1739,,,,,,
1602,GMS,202506,PKG,IC,B/G,No Wip,실적,0.1361,,,,,,
1603,GMS,202506,PKG,IC,B/G,Linearity,실적,0.9500,,,,,,
1604,GMS,202506,PKG,IC,B/G,Loss,실적,0.8261 ,,,,,,
1605,GMS,202506,PKG,IC,WSD,투자가동률,실적,0.0837,,,,,,
1606,GMS,202506,PKG,IC,WSD,No Wip,실적,0.0048,,,,,,
1607,GMS,202506,PKG,IC,WSD,Linearity,실적,0.9500,,,,,,
1608,GMS,202506,PKG,IC,WSD,Loss,실적,0.9163 ,,,,,,
1609,GMS,202506,PKG,IC,W/S,투자가동률,실적,0.6560,,,,,,
1610,GMS,202506,PKG,IC,W/S,No Wip,실적,0.5597,,,,,,
1611,GMS,202506,PKG,IC,W/S,Linearity,실적,0.9500,,,,,,
1612,GMS,202506,PKG,IC,W/S,Loss,실적,0.3440 ,,,,,,
1613,GMS,202506,PKG,IC,D/A,투자가동률,실적,0.4843,,,,,,
1614,GMS,202506,PKG,IC,D/A,No Wip,실적,0.0593,,,,,,
1615,GMS,202506,PKG,IC,D/A,Linearity,실적,0.9500,,,,,,
1616,GMS,202506,PKG,IC,D/A,Loss,실적,0.5157 ,,,,,,
1617,GMS,202506,PKG,IC,FCB,투자가동률,실적,0.8145,,,,,,
1618,GMS,202506,PKG,IC,FCB,No Wip,실적,0.8130,,,,,,
1619,GMS,202506,PKG,IC,FCB,Linearity,실적,0.9500,,,,,,
1620,GMS,202506,PKG,IC,FCB,Loss,실적,0.1855 ,,,,,,
1621,GMS,202506,PKG,IC,W/B,투자가동률,실적,0.2168,,,,,,
1622,GMS,202506,PKG,IC,W/B,No Wip,실적,0.0604,,,,,,
1623,GMS,202506,PKG,IC,W/B,Linearity,실적,0.9500,,,,,,
1624,GMS,202506,PKG,IC,W/B,Loss,실적,0.7832 ,,,,,,
1625,GMS,202506,PKG,IC,M/D,투자가동률,실적,0.2193,,,,,,
1626,GMS,202506,PKG,IC,M/D,No Wip,실적,0.0832,,,,,,
1627,GMS,202506,PKG,IC,M/D,Linearity,실적,0.9500,,,,,,
1628,GMS,202506,PKG,IC,M/D,Loss,실적,0.7807 ,,,,,,
1629,GMS,202506,PKG,IC,M/K,투자가동률,실적,0.7683,,,,,,
1630,GMS,202506,PKG,IC,M/K,No Wip,실적,0.2376,,,,,,
1631,GMS,202506,PKG,IC,M/K,Linearity,실적,0.9500,,,,,,
1632,GMS,202506,PKG,IC,M/K,Loss,실적,0.2317 ,,,,,,
1633,GMS,202506,PKG,IC,SBM,투자가동률,실적,0.5634,,,,,,
1634,GMS,202506,PKG,IC,SBM,No Wip,실적,0.2959,,,,,,
1635,GMS,202506,PKG,IC,SBM,Linearity,실적,0.9500,,,,,,
1636,GMS,202506,PKG,IC,SBM,Loss,실적,0.4366 ,,,,,,
1637,GMS,202506,PKG,IC,S/G,투자가동률,실적,0.1403,,,,,,
1638,GMS,202506,PKG,IC,S/G,No Wip,실적,0.0851,,,,,,
1639,GMS,202506,PKG,IC,S/G,Linearity,실적,0.9500,,,,,,
1640,GMS,202506,PKG,IC,S/G,Loss,실적,0.8597 ,,,,,,
1641,EMS,202506,PKG,IC,B/G,투자가동률,실적,0.4384,,,,,,
1642,EMS,202506,PKG,IC,B/G,No Wip,실적,0.2894,,,,,,
1643,EMS,202506,PKG,IC,B/G,Linearity,실적,0.9500,,,,,,
1644,EMS,202506,PKG,IC,B/G,Loss,실적,0.5616 ,,,,,,
1645,EMS,202506,PKG,IC,WSD,투자가동률,실적,0.0126,,,,,,
1646,EMS,202506,PKG,IC,WSD,No Wip,실적,0.0032,,,,,,
1647,EMS,202506,PKG,IC,WSD,Linearity,실적,0.9500,,,,,,
1648,EMS,202506,PKG,IC,WSD,Loss,실적,0.9874 ,,,,,,
1649,EMS,202506,PKG,IC,W/S,투자가동률,실적,0.5941,,,,,,
1650,EMS,202506,PKG,IC,W/S,No Wip,실적,0.3444,,,,,,
1651,EMS,202506,PKG,IC,W/S,Linearity,실적,0.9500,,,,,,
1652,EMS,202506,PKG,IC,W/S,Loss,실적,0.4059 ,,,,,,
1653,EMS,202506,PKG,IC,D/A,투자가동률,실적,0.5148,,,,,,
1654,EMS,202506,PKG,IC,D/A,No Wip,실적,0.2715,,,,,,
1655,EMS,202506,PKG,IC,D/A,Linearity,실적,0.9500,,,,,,
1656,EMS,202506,PKG,IC,D/A,Loss,실적,0.4852 ,,,,,,
1657,EMS,202506,PKG,IC,FCB,투자가동률,실적,0.6104,,,,,,
1658,EMS,202506,PKG,IC,FCB,No Wip,실적,0.0282,,,,,,
1659,EMS,202506,PKG,IC,FCB,Linearity,실적,0.9500,,,,,,
1660,EMS,202506,PKG,IC,FCB,Loss,실적,0.3896 ,,,,,,
1661,EMS,202506,PKG,IC,W/B,투자가동률,실적,0.2860,,,,,,
1662,EMS,202506,PKG,IC,W/B,No Wip,실적,0.2262,,,,,,
1663,EMS,202506,PKG,IC,W/B,Linearity,실적,0.9500,,,,,,
1664,EMS,202506,PKG,IC,W/B,Loss,실적,0.7140 ,,,,,,
1665,EMS,202506,PKG,IC,M/D,투자가동률,실적,0.7660,,,,,,
1666,EMS,202506,PKG,IC,M/D,No Wip,실적,0.6928,,,,,,
1667,EMS,202506,PKG,IC,M/D,Linearity,실적,0.9500,,,,,,
1668,EMS,202506,PKG,IC,M/D,Loss,실적,0.2340 ,,,,,,
1669,EMS,202506,PKG,IC,M/K,투자가동률,실적,0.6474,,,,,,
1670,EMS,202506,PKG,IC,M/K,No Wip,실적,0.5406,,,,,,
1671,EMS,202506,PKG,IC,M/K,Linearity,실적,0.9500,,,,,,
1672,EMS,202506,PKG,IC,M/K,Loss,실적,0.3526 ,,,,,,
1673,EMS,202506,PKG,IC,SBM,투자가동률,실적,0.9319,,,,,,
1674,EMS,202506,PKG,IC,SBM,No Wip,실적,0.7800,,,,,,
1675,EMS,202506,PKG,IC,SBM,Linearity,실적,0.9500,,,,,,
1676,EMS,202506,PKG,IC,SBM,Loss,실적,0.0681 ,,,,,,
1677,EMS,202506,PKG,IC,S/G,투자가동률,실적,0.6123,,,,,,
1678,EMS,202506,PKG,IC,S/G,No Wip,실적,0.3243,,,,,,
1679,EMS,202506,PKG,IC,S/G,Linearity,실적,0.9500,,,,,,
1680,EMS,202506,PKG,IC,S/G,Loss,실적,0.3877 ,,,,,,
1681,RPT,202506,PKG,IC,B/G,투자가동률,실적,0.7813,,,,,,
1682,RPT,202506,PKG,IC,B/G,No Wip,실적,0.6434,,,,,,
1683,RPT,202506,PKG,IC,B/G,Linearity,실적,0.9500,,,,,,
1684,RPT,202506,PKG,IC,B/G,Loss,실적,0.2187 ,,,,,,
1685,RPT,202506,PKG,IC,WSD,투자가동률,실적,0.0702,,,,,,
1686,RPT,202506,PKG,IC,WSD,No Wip,실적,0.0586,,,,,,
1687,RPT,202506,PKG,IC,WSD,Linearity,실적,0.9500,,,,,,
1688,RPT,202506,PKG,IC,WSD,Loss,실적,0.9298 ,,,,,,
1689,RPT,202506,PKG,IC,W/S,투자가동률,실적,0.6353,,,,,,
1690,RPT,202506,PKG,IC,W/S,No Wip,실적,0.0622,,,,,,
1691,RPT,202506,PKG,IC,W/S,Linearity,실적,0.9500,,,,,,
1692,RPT,202506,PKG,IC,W/S,Loss,실적,0.3647 ,,,,,,
1693,RPT,202506,PKG,IC,D/A,투자가동률,실적,0.6020,,,,,,
1694,RPT,202506,PKG,IC,D/A,No Wip,실적,0.1893,,,,,,
1695,RPT,202506,PKG,IC,D/A,Linearity,실적,0.9500,,,,,,
1696,RPT,202506,PKG,IC,D/A,Loss,실적,0.3980 ,,,,,,
1697,RPT,202506,PKG,IC,FCB,투자가동률,실적,0.5319,,,,,,
1698,RPT,202506,PKG,IC,FCB,No Wip,실적,0.2228,,,,,,
1699,RPT,202506,PKG,IC,FCB,Linearity,실적,0.9500,,,,,,
1700,RPT,202506,PKG,IC,FCB,Loss,실적,0.4681 ,,,,,,
1701,RPT,202506,PKG,IC,W/B,투자가동률,실적,0.1738,,,,,,
1702,RPT,202506,PKG,IC,W/B,No Wip,실적,0.1035,,,,,,
1703,RPT,202506,PKG,IC,W/B,Linearity,실적,0.9500,,,,,,
1704,RPT,202506,PKG,IC,W/B,Loss,실적,0.8262 ,,,,,,
1705,RPT,202506,PKG,IC,M/D,투자가동률,실적,0.6182,,,,,,
1706,RPT,202506,PKG,IC,M/D,No Wip,실적,0.4506,,,,,,
1707,RPT,202506,PKG,IC,M/D,Linearity,실적,0.9500,,,,,,
1708,RPT,202506,PKG,IC,M/D,Loss,실적,0.3818 ,,,,,,
1709,RPT,202506,PKG,IC,M/K,투자가동률,실적,0.4891,,,,,,
1710,RPT,202506,PKG,IC,M/K,No Wip,실적,0.2596,,,,,,
1711,RPT,202506,PKG,IC,M/K,Linearity,실적,0.9500,,,,,,
1712,RPT,202506,PKG,IC,M/K,Loss,실적,0.5109 ,,,,,,
1713,RPT,202506,PKG,IC,SBM,투자가동률,실적,0.3354,,,,,,
1714,RPT,202506,PKG,IC,SBM,No Wip,실적,0.3148,,,,,,
1715,RPT,202506,PKG,IC,SBM,Linearity,실적,0.9500,,,,,,
1716,RPT,202506,PKG,IC,SBM,Loss,실적,0.6646 ,,,,,,
1717,RPT,202506,PKG,IC,S/G,투자가동률,실적,0.8413,,,,,,
1718,RPT,202506,PKG,IC,S/G,No Wip,실적,0.7963,,,,,,
1719,RPT,202506,PKG,IC,S/G,Linearity,실적,0.9500,,,,,,
1720,RPT,202506,PKG,IC,S/G,Loss,실적,0.1587 ,,,,,,
1721,CIM,202506,PKG,IC,B/G,투자가동률,실적,0.1404,,,,,,
1722,CIM,202506,PKG,IC,B/G,No Wip,실적,0.1102,,,,,,
1723,CIM,202506,PKG,IC,B/G,Linearity,실적,0.9500,,,,,,
1724,CIM,202506,PKG,IC,B/G,Loss,실적,0.8596 ,,,,,,
1725,CIM,202506,PKG,IC,WSD,투자가동률,실적,0.0425,,,,,,
1726,CIM,202506,PKG,IC,WSD,No Wip,실적,0.0091,,,,,,
1727,CIM,202506,PKG,IC,WSD,Linearity,실적,0.9500,,,,,,
1728,CIM,202506,PKG,IC,WSD,Loss,실적,0.9575 ,,,,,,
1729,CIM,202506,PKG,IC,W/S,투자가동률,실적,0.5447,,,,,,
1730,CIM,202506,PKG,IC,W/S,No Wip,실적,0.0449,,,,,,
1731,CIM,202506,PKG,IC,W/S,Linearity,실적,0.9500,,,,,,
1732,CIM,202506,PKG,IC,W/S,Loss,실적,0.4553 ,,,,,,
1733,CIM,202506,PKG,IC,D/A,투자가동률,실적,0.5979,,,,,,
1734,CIM,202506,PKG,IC,D/A,No Wip,실적,0.0855,,,,,,
1735,CIM,202506,PKG,IC,D/A,Linearity,실적,0.9500,,,,,,
1736,CIM,202506,PKG,IC,D/A,Loss,실적,0.4021 ,,,,,,
1737,CIM,202506,PKG,IC,FCB,투자가동률,실적,0.3703,,,,,,
1738,CIM,202506,PKG,IC,FCB,No Wip,실적,0.1147,,,,,,
1739,CIM,202506,PKG,IC,FCB,Linearity,실적,0.9500,,,,,,
1740,CIM,202506,PKG,IC,FCB,Loss,실적,0.6297 ,,,,,,
1741,CIM,202506,PKG,IC,W/B,투자가동률,실적,0.9066,,,,,,
1742,CIM,202506,PKG,IC,W/B,No Wip,실적,0.1770,,,,,,
1743,CIM,202506,PKG,IC,W/B,Linearity,실적,0.9500,,,,,,
1744,CIM,202506,PKG,IC,W/B,Loss,실적,0.0934 ,,,,,,
1745,CIM,202506,PKG,IC,M/D,투자가동률,실적,0.1318,,,,,,
1746,CIM,202506,PKG,IC,M/D,No Wip,실적,0.0975,,,,,,
1747,CIM,202506,PKG,IC,M/D,Linearity,실적,0.9500,,,,,,
1748,CIM,202506,PKG,IC,M/D,Loss,실적,0.8682 ,,,,,,
1749,CIM,202506,PKG,IC,M/K,투자가동률,실적,0.5557,,,,,,
1750,CIM,202506,PKG,IC,M/K,No Wip,실적,0.4051,,,,,,
1751,CIM,202506,PKG,IC,M/K,Linearity,실적,0.9500,,,,,,
1752,CIM,202506,PKG,IC,M/K,Loss,실적,0.4443 ,,,,,,
1753,CIM,202506,PKG,IC,SBM,투자가동률,실적,0.5373,,,,,,
1754,CIM,202506,PKG,IC,SBM,No Wip,실적,0.4811,,,,,,
1755,CIM,202506,PKG,IC,SBM,Linearity,실적,0.9500,,,,,,
1756,CIM,202506,PKG,IC,SBM,Loss,실적,0.4627 ,,,,,,
1757,CIM,202506,PKG,IC,S/G,투자가동률,실적,0.1119,,,,,,
1758,CIM,202506,PKG,IC,S/G,No Wip,실적,0.0948,,,,,,
1759,CIM,202506,PKG,IC,S/G,Linearity,실적,0.9500,,,,,,
1760,CIM,202506,PKG,IC,S/G,Loss,실적,0.8881 ,,,,,,
1761,GMS,202506,PKG,IC,B/G,투자가동률,목표,0.5238,,,,,,
1762,GMS,202506,PKG,IC,B/G,No Wip,목표,0.2041,,,,,,
1763,GMS,202506,PKG,IC,B/G,Linearity,목표,0.9500,,,,,,
1764,GMS,202506,PKG,IC,B/G,Loss,목표,0.4762 ,,,,,,
1765,GMS,202506,PKG,IC,WSD,투자가동률,목표,0.8251,,,,,,
1766,GMS,202506,PKG,IC,WSD,No Wip,목표,0.5835,,,,,,
1767,GMS,202506,PKG,IC,WSD,Linearity,목표,0.9500,,,,,,
1768,GMS,202506,PKG,IC,WSD,Loss,목표,0.1749 ,,,,,,
1769,GMS,202506,PKG,IC,W/S,투자가동률,목표,0.0311,,,,,,
1770,GMS,202506,PKG,IC,W/S,No Wip,목표,0.0042,,,,,,
1771,GMS,202506,PKG,IC,W/S,Linearity,목표,0.9500,,,,,,
1772,GMS,202506,PKG,IC,W/S,Loss,목표,0.9689 ,,,,,,
1773,GMS,202506,PKG,IC,D/A,투자가동률,목표,0.4793,,,,,,
1774,GMS,202506,PKG,IC,D/A,No Wip,목표,0.0835,,,,,,
1775,GMS,202506,PKG,IC,D/A,Linearity,목표,0.9500,,,,,,
1776,GMS,202506,PKG,IC,D/A,Loss,목표,0.5207 ,,,,,,
1777,GMS,202506,PKG,IC,FCB,투자가동률,목표,0.8407,,,,,,
1778,GMS,202506,PKG,IC,FCB,No Wip,목표,0.7068,,,,,,
1779,GMS,202506,PKG,IC,FCB,Linearity,목표,0.9500,,,,,,
1780,GMS,202506,PKG,IC,FCB,Loss,목표,0.1593 ,,,,,,
1781,GMS,202506,PKG,IC,W/B,투자가동률,목표,0.3674,,,,,,
1782,GMS,202506,PKG,IC,W/B,No Wip,목표,0.2739,,,,,,
1783,GMS,202506,PKG,IC,W/B,Linearity,목표,0.9500,,,,,,
1784,GMS,202506,PKG,IC,W/B,Loss,목표,0.6326 ,,,,,,
1785,GMS,202506,PKG,IC,M/D,투자가동률,목표,0.1449,,,,,,
1786,GMS,202506,PKG,IC,M/D,No Wip,목표,0.0417,,,,,,
1787,GMS,202506,PKG,IC,M/D,Linearity,목표,0.9500,,,,,,
1788,GMS,202506,PKG,IC,M/D,Loss,목표,0.8551 ,,,,,,
1789,GMS,202506,PKG,IC,M/K,투자가동률,목표,0.3071,,,,,,
1790,GMS,202506,PKG,IC,M/K,No Wip,목표,0.0996,,,,,,
1791,GMS,202506,PKG,IC,M/K,Linearity,목표,0.9500,,,,,,
1792,GMS,202506,PKG,IC,M/K,Loss,목표,0.6929 ,,,,,,
1793,GMS,202506,PKG,IC,SBM,투자가동률,목표,0.3173,,,,,,
1794,GMS,202506,PKG,IC,SBM,No Wip,목표,0.0861,,,,,,
1795,GMS,202506,PKG,IC,SBM,Linearity,목표,0.9500,,,,,,
1796,GMS,202506,PKG,IC,SBM,Loss,목표,0.6827 ,,,,,,
1797,GMS,202506,PKG,IC,S/G,투자가동률,목표,0.1641,,,,,,
1798,GMS,202506,PKG,IC,S/G,No Wip,목표,0.0874,,,,,,
1799,GMS,202506,PKG,IC,S/G,Linearity,목표,0.9500,,,,,,
1800,GMS,202506,PKG,IC,S/G,Loss,목표,0.8359 ,,,,,,
1801,EMS,202506,PKG,IC,B/G,투자가동률,목표,0.0307,,,,,,
1802,EMS,202506,PKG,IC,B/G,No Wip,목표,0.0243,,,,,,
1803,EMS,202506,PKG,IC,B/G,Linearity,목표,0.9500,,,,,,
1804,EMS,202506,PKG,IC,B/G,Loss,목표,0.9693 ,,,,,,
1805,EMS,202506,PKG,IC,WSD,투자가동률,목표,0.3816,,,,,,
1806,EMS,202506,PKG,IC,WSD,No Wip,목표,0.1942,,,,,,
1807,EMS,202506,PKG,IC,WSD,Linearity,목표,0.9500,,,,,,
1808,EMS,202506,PKG,IC,WSD,Loss,목표,0.6184 ,,,,,,
1809,EMS,202506,PKG,IC,W/S,투자가동률,목표,0.3385,,,,,,
1810,EMS,202506,PKG,IC,W/S,No Wip,목표,0.1871,,,,,,
1811,EMS,202506,PKG,IC,W/S,Linearity,목표,0.9500,,,,,,
1812,EMS,202506,PKG,IC,W/S,Loss,목표,0.6615 ,,,,,,
1813,EMS,202506,PKG,IC,D/A,투자가동률,목표,0.5138,,,,,,
1814,EMS,202506,PKG,IC,D/A,No Wip,목표,0.2802,,,,,,
1815,EMS,202506,PKG,IC,D/A,Linearity,목표,0.9500,,,,,,
1816,EMS,202506,PKG,IC,D/A,Loss,목표,0.4862 ,,,,,,
1817,EMS,202506,PKG,IC,FCB,투자가동률,목표,0.9955,,,,,,
1818,EMS,202506,PKG,IC,FCB,No Wip,목표,0.9216,,,,,,
1819,EMS,202506,PKG,IC,FCB,Linearity,목표,0.9500,,,,,,
1820,EMS,202506,PKG,IC,FCB,Loss,목표,0.0045 ,,,,,,
1821,EMS,202506,PKG,IC,W/B,투자가동률,목표,0.1045,,,,,,
1822,EMS,202506,PKG,IC,W/B,No Wip,목표,0.0907,,,,,,
1823,EMS,202506,PKG,IC,W/B,Linearity,목표,0.9500,,,,,,
1824,EMS,202506,PKG,IC,W/B,Loss,목표,0.8955 ,,,,,,
1825,EMS,202506,PKG,IC,M/D,투자가동률,목표,0.2989,,,,,,
1826,EMS,202506,PKG,IC,M/D,No Wip,목표,0.1635,,,,,,
1827,EMS,202506,PKG,IC,M/D,Linearity,목표,0.9500,,,,,,
1828,EMS,202506,PKG,IC,M/D,Loss,목표,0.7011 ,,,,,,
1829,EMS,202506,PKG,IC,M/K,투자가동률,목표,0.4914,,,,,,
1830,EMS,202506,PKG,IC,M/K,No Wip,목표,0.4690,,,,,,
1831,EMS,202506,PKG,IC,M/K,Linearity,목표,0.9500,,,,,,
1832,EMS,202506,PKG,IC,M/K,Loss,목표,0.5086 ,,,,,,
1833,EMS,202506,PKG,IC,SBM,투자가동률,목표,0.5638,,,,,,
1834,EMS,202506,PKG,IC,SBM,No Wip,목표,0.0101,,,,,,
1835,EMS,202506,PKG,IC,SBM,Linearity,목표,0.9500,,,,,,
1836,EMS,202506,PKG,IC,SBM,Loss,목표,0.4362 ,,,,,,
1837,EMS,202506,PKG,IC,S/G,투자가동률,목표,0.0653,,,,,,
1838,EMS,202506,PKG,IC,S/G,No Wip,목표,0.0321,,,,,,
1839,EMS,202506,PKG,IC,S/G,Linearity,목표,0.9500,,,,,,
1840,EMS,202506,PKG,IC,S/G,Loss,목표,0.9347 ,,,,,,
1841,RPT,202506,PKG,IC,B/G,투자가동률,목표,0.3079,,,,,,
1842,RPT,202506,PKG,IC,B/G,No Wip,목표,0.1616,,,,,,
1843,RPT,202506,PKG,IC,B/G,Linearity,목표,0.9500,,,,,,
1844,RPT,202506,PKG,IC,B/G,Loss,목표,0.6921 ,,,,,,
1845,RPT,202506,PKG,IC,WSD,투자가동률,목표,0.0869,,,,,,
1846,RPT,202506,PKG,IC,WSD,No Wip,목표,0.0312,,,,,,
1847,RPT,202506,PKG,IC,WSD,Linearity,목표,0.9500,,,,,,
1848,RPT,202506,PKG,IC,WSD,Loss,목표,0.9131 ,,,,,,
1849,RPT,202506,PKG,IC,W/S,투자가동률,목표,0.6130,,,,,,
1850,RPT,202506,PKG,IC,W/S,No Wip,목표,0.3225,,,,,,
1851,RPT,202506,PKG,IC,W/S,Linearity,목표,0.9500,,,,,,
1852,RPT,202506,PKG,IC,W/S,Loss,목표,0.3870 ,,,,,,
1853,RPT,202506,PKG,IC,D/A,투자가동률,목표,0.6334,,,,,,
1854,RPT,202506,PKG,IC,D/A,No Wip,목표,0.4629,,,,,,
1855,RPT,202506,PKG,IC,D/A,Linearity,목표,0.9500,,,,,,
1856,RPT,202506,PKG,IC,D/A,Loss,목표,0.3666 ,,,,,,
1857,RPT,202506,PKG,IC,FCB,투자가동률,목표,0.1795,,,,,,
1858,RPT,202506,PKG,IC,FCB,No Wip,목표,0.0248,,,,,,
1859,RPT,202506,PKG,IC,FCB,Linearity,목표,0.9500,,,,,,
1860,RPT,202506,PKG,IC,FCB,Loss,목표,0.8205 ,,,,,,
1861,RPT,202506,PKG,IC,W/B,투자가동률,목표,0.2056,,,,,,
1862,RPT,202506,PKG,IC,W/B,No Wip,목표,0.0642,,,,,,
1863,RPT,202506,PKG,IC,W/B,Linearity,목표,0.9500,,,,,,
1864,RPT,202506,PKG,IC,W/B,Loss,목표,0.7944 ,,,,,,
1865,RPT,202506,PKG,IC,M/D,투자가동률,목표,0.1888,,,,,,
1866,RPT,202506,PKG,IC,M/D,No Wip,목표,0.0224,,,,,,
1867,RPT,202506,PKG,IC,M/D,Linearity,목표,0.9500,,,,,,
1868,RPT,202506,PKG,IC,M/D,Loss,목표,0.8112 ,,,,,,
1869,RPT,202506,PKG,IC,M/K,투자가동률,목표,0.4962,,,,,,
1870,RPT,202506,PKG,IC,M/K,No Wip,목표,0.3214,,,,,,
1871,RPT,202506,PKG,IC,M/K,Linearity,목표,0.9500,,,,,,
1872,RPT,202506,PKG,IC,M/K,Loss,목표,0.5038 ,,,,,,
1873,RPT,202506,PKG,IC,SBM,투자가동률,목표,0.6766,,,,,,
1874,RPT,202506,PKG,IC,SBM,No Wip,목표,0.0544,,,,,,
1875,RPT,202506,PKG,IC,SBM,Linearity,목표,0.9500,,,,,,
1876,RPT,202506,PKG,IC,SBM,Loss,목표,0.3234 ,,,,,,
1877,RPT,202506,PKG,IC,S/G,투자가동률,목표,0.9269,,,,,,
1878,RPT,202506,PKG,IC,S/G,No Wip,목표,0.3045,,,,,,
1879,RPT,202506,PKG,IC,S/G,Linearity,목표,0.9500,,,,,,
1880,RPT,202506,PKG,IC,S/G,Loss,목표,0.0731 ,,,,,,
1881,CIM,202506,PKG,IC,B/G,투자가동률,목표,0.8802,,,,,,
1882,CIM,202506,PKG,IC,B/G,No Wip,목표,0.5407,,,,,,
1883,CIM,202506,PKG,IC,B/G,Linearity,목표,0.9500,,,,,,
1884,CIM,202506,PKG,IC,B/G,Loss,목표,0.1198 ,,,,,,
1885,CIM,202506,PKG,IC,WSD,투자가동률,목표,0.0286,,,,,,
1886,CIM,202506,PKG,IC,WSD,No Wip,목표,0.0070,,,,,,
1887,CIM,202506,PKG,IC,WSD,Linearity,목표,0.9500,,,,,,
1888,CIM,202506,PKG,IC,WSD,Loss,목표,0.9714 ,,,,,,
1889,CIM,202506,PKG,IC,W/S,투자가동률,목표,0.3790,,,,,,
1890,CIM,202506,PKG,IC,W/S,No Wip,목표,0.2900,,,,,,
1891,CIM,202506,PKG,IC,W/S,Linearity,목표,0.9500,,,,,,
1892,CIM,202506,PKG,IC,W/S,Loss,목표,0.6210 ,,,,,,
1893,CIM,202506,PKG,IC,D/A,투자가동률,목표,0.5981,,,,,,
1894,CIM,202506,PKG,IC,D/A,No Wip,목표,0.0863,,,,,,
1895,CIM,202506,PKG,IC,D/A,Linearity,목표,0.9500,,,,,,
1896,CIM,202506,PKG,IC,D/A,Loss,목표,0.4019 ,,,,,,
1897,CIM,202506,PKG,IC,FCB,투자가동률,목표,0.7465,,,,,,
1898,CIM,202506,PKG,IC,FCB,No Wip,목표,0.7125,,,,,,
1899,CIM,202506,PKG,IC,FCB,Linearity,목표,0.9500,,,,,,
1900,CIM,202506,PKG,IC,FCB,Loss,목표,0.2535 ,,,,,,
1901,CIM,202506,PKG,IC,W/B,투자가동률,목표,0.2767,,,,,,
1902,CIM,202506,PKG,IC,W/B,No Wip,목표,0.2011,,,,,,
1903,CIM,202506,PKG,IC,W/B,Linearity,목표,0.9500,,,,,,
1904,CIM,202506,PKG,IC,W/B,Loss,목표,0.7233 ,,,,,,
1905,CIM,202506,PKG,IC,M/D,투자가동률,목표,0.6688,,,,,,
1906,CIM,202506,PKG,IC,M/D,No Wip,목표,0.4013,,,,,,
1907,CIM,202506,PKG,IC,M/D,Linearity,목표,0.9500,,,,,,
1908,CIM,202506,PKG,IC,M/D,Loss,목표,0.3312 ,,,,,,
1909,CIM,202506,PKG,IC,M/K,투자가동률,목표,0.1199,,,,,,
1910,CIM,202506,PKG,IC,M/K,No Wip,목표,0.0024,,,,,,
1911,CIM,202506,PKG,IC,M/K,Linearity,목표,0.9500,,,,,,
1912,CIM,202506,PKG,IC,M/K,Loss,목표,0.8801 ,,,,,,
1913,CIM,202506,PKG,IC,SBM,투자가동률,목표,0.8515,,,,,,
1914,CIM,202506,PKG,IC,SBM,No Wip,목표,0.3112,,,,,,
1915,CIM,202506,PKG,IC,SBM,Linearity,목표,0.9500,,,,,,
1916,CIM,202506,PKG,IC,SBM,Loss,목표,0.1485 ,,,,,,
1917,CIM,202506,PKG,IC,S/G,투자가동률,목표,0.1666,,,,,,
1918,CIM,202506,PKG,IC,S/G,No Wip,목표,0.1501,,,,,,
1919,CIM,202506,PKG,IC,S/G,Linearity,목표,0.9500,,,,,,
1920,CIM,202506,PKG,IC,S/G,Loss,목표,0.8334 ,,,,,,
